item_idx,Module,oBDS_Concept,n_coders,n_unique_codes,disagreement,semantic_disagreement,diversity,mdi,mean_distance,max_distance,interpretation,codes,most_common_code,most_common_count
0,Modul 5,Item_0,4,1.0,0.0,0.04,0.0,0.016,2.0,2.0,"Easy (high agreement, close concepts)","['439401001', '439401001', '439401001', '439401001']",439401001,4.0
1,Modul 5,Item_1,3,2.0,0.33333333333333337,0.026666666666666665,0.5,0.22733333333333333,1.3333333333333333,2.0,"Moderate (some disagreement, related concepts)","['372087000', '363346000', '363346000']",363346000,2.0
2,Modul 5,Item_2,0,,,,,,,,No codes,[],,
3,Modul 5,Item_3,2,1.0,0.0,0.04,0.0,0.016,2.0,2.0,"Easy (high agreement, close concepts)","['900000000000465000', '900000000000465000']",900000000000465000,2.0
4,Modul 5,Item_4,3,2.0,0.33333333333333337,0.04,0.5,0.2326666666666667,2.0,2.0,"Moderate (some disagreement, related concepts)","['371480007', '399687005', '399687005']",399687005,2.0
5,Modul 5,Item_5,0,,,,,,,,No codes,[],,
6,Modul 5,Item_6,4,1.0,0.0,0.04,0.0,0.016,2.0,2.0,"Easy (high agreement, close concepts)","['432213005', '432213005', '432213005', '432213005']",432213005,4.0
7,Modul 5,Item_7,3,1.0,0.0,0.04,0.0,0.016,2.0,2.0,"Easy (high agreement, close concepts)","['373793006', '373793006', '373793006']",373793006,3.0
8,Modul 5,Item_8,4,2.0,0.5,0.13333333333333333,0.3333333333333333,0.33666666666666667,6.666666666666667,9.0,"Difficult (divergent codes, semantic distance)","['58147004', '373795004', '373795004', '58147004']",58147004,2.0
9,Modul 5,Item_9,4,3.0,0.5,0.12333333333333334,0.6666666666666666,0.366,6.166666666666667,8.0,"Difficult (divergent codes, semantic distance)","['165197003', '373796003', '373796003', '39154008']",373796003,2.0
10,Modul 5,Item_10,4,1.0,0.0,0.04,0.0,0.016,2.0,2.0,"Easy (high agreement, close concepts)","['363680008', '363680008', '363680008', '363680008']",363680008,4.0
11,Modul 5,Item_11,4,1.0,0.0,0.04,0.0,0.016,2.0,2.0,"Easy (high agreement, close concepts)","['423827005', '423827005', '423827005', '423827005']",423827005,4.0
12,Modul 5,Item_12,4,1.0,0.0,0.04,0.0,0.016,2.0,2.0,"Easy (high agreement, close concepts)","['363679005', '363679005', '363679005', '363679005']",363679005,4.0
13,Modul 5,Item_13,4,1.0,0.0,0.04,0.0,0.016,2.0,2.0,"Easy (high agreement, close concepts)","['16310003', '16310003', '16310003', '16310003']",16310003,4.0
14,Modul 5,Item_14,4,2.0,0.25,0.03,0.3333333333333333,0.17033333333333334,1.5,2.0,"Moderate (some disagreement, related concepts)","['76145000', '122458006', '122458006', '122458006']",122458006,3.0
15,Modul 5,Item_15,4,2.0,0.25,0.09,0.3333333333333333,0.19433333333333333,4.5,7.0,"Moderate (some disagreement, related concepts)","['259672007', '373797007', '373797007', '373797007']",373797007,3.0
16,Modul 5,Item_16,4,2.0,0.5,0.12,0.3333333333333333,0.3313333333333333,6.0,8.0,"Difficult (divergent codes, semantic distance)","['702666009', '373798002', '373798002', '702666009']",702666009,2.0
17,Modul 5,Item_17,4,3.0,0.5,0.12,0.6666666666666666,0.36466666666666664,6.0,8.0,"Difficult (divergent codes, semantic distance)","['714797009', '373799005', '373799005', '396785008']",373799005,2.0
18,Modul 5,Item_18,4,3.0,0.5,0.12,0.6666666666666666,0.36466666666666664,6.0,8.0,"Difficult (divergent codes, semantic distance)","['714797009', '373800009', '373800009', '512001000004108']",373800009,2.0
19,Modul 5,Item_19,4,3.0,0.5,0.07333333333333333,0.6666666666666666,0.346,3.6666666666666665,6.0,"Difficult (divergent codes, semantic distance)","['371480007', '399687005', '371480007', '272424004']",371480007,2.0
20,Modul 5,Item_20,4,1.0,0.0,0.04,0.0,0.016,2.0,2.0,"Easy (high agreement, close concepts)","['7771000', '7771000', '7771000', '7771000']",7771000,4.0
21,Modul 5,Item_21,4,1.0,0.0,0.04,0.0,0.016,2.0,2.0,"Easy (high agreement, close concepts)","['24028007', '24028007', '24028007', '24028007']",24028007,4.0
22,Modul 5,Item_22,4,1.0,0.0,0.04,0.0,0.016,2.0,2.0,"Easy (high agreement, close concepts)","['51440002', '51440002', '51440002', '51440002']",51440002,4.0
23,Modul 5,Item_23,4,3.0,0.5,0.07,0.6666666666666666,0.3446666666666667,3.5,5.0,"Difficult (divergent codes, semantic distance)","['255561001', '260528009', '255561001', '399488007']",255561001,2.0
24,Modul 5,Item_24,4,1.0,0.0,0.04,0.0,0.016,2.0,2.0,"Easy (high agreement, close concepts)","['261665006', '261665006', '261665006', '261665006']",261665006,4.0
25,Modul 5,Item_25,4,2.0,0.5,0.12,0.3333333333333333,0.3313333333333333,6.0,8.0,"Difficult (divergent codes, semantic distance)","['396360001', '385432009', '396360001', '385432009']",396360001,2.0
26,Modul 5,Item_26,4,3.0,0.5,0.08666666666666666,0.6666666666666666,0.35133333333333333,4.333333333333333,7.0,"Difficult (divergent codes, semantic distance)","['275904003', '266987004', '275904003', '48318009']",275904003,2.0
27,Modul 6,Item_27,4,4.0,0.75,0.12,1.0,0.523,6.0,8.0,"Difficult (divergent codes, semantic distance)","['714797009', '396984004', '726739006', '309162003']",714797009,1.0
28,Modul 6,Item_28,3,1.0,0.0,0.04,0.0,0.016,2.0,2.0,"Easy (high agreement, close concepts)","['439272007', '439272007', '439272007']",439272007,3.0
29,Modul 6,Item_29,1,,,,,,,,Insufficient coders,['372274003'],,
30,Modul 6,Item_30,0,,,,,,,,No codes,[],,
31,Modul 6,Item_31,0,,,,,,,,No codes,[],,
32,Modul 6,Item_32,3,2.0,0.33333333333333337,0.13333333333333333,0.5,0.27,6.666666666666667,9.0,"Moderate (some disagreement, related concepts)","['900000000000465000', '116676008', '900000000000465000']",900000000000465000,2.0
33,Modul 6,Item_33,4,4.0,0.75,0.09666666666666666,1.0,0.5136666666666667,4.833333333333333,7.0,"Difficult (divergent codes, semantic distance)","['373372005', '371469007', '370114008', '258349007']",373372005,1.0
34,Modul 6,Item_34,1,,,,,,,,Insufficient coders,['313147000'],,
35,Modul 6,Item_35,4,3.0,0.5,0.1,0.6666666666666666,0.3566666666666667,5.0,8.0,"Difficult (divergent codes, semantic distance)","['263933003', '373375007', '1155701009', '263933003']",263933003,2.0
36,Modul 6,Item_36,4,3.0,0.5,0.1,0.6666666666666666,0.3566666666666667,5.0,8.0,"Difficult (divergent codes, semantic distance)","['384812005', '373377004', '1155703007', '384812005']",384812005,2.0
37,Modul 6,Item_37,4,3.0,0.5,0.1,0.6666666666666666,0.3566666666666667,5.0,8.0,"Difficult (divergent codes, semantic distance)","['263843001', '373373000', '1155704001', '263843001']",263843001,2.0
38,Modul 6,Item_38,4,3.0,0.5,0.1,0.6666666666666666,0.3566666666666667,5.0,8.0,"Difficult (divergent codes, semantic distance)","['263918006', '373374006', '1155702002', '263918006']",263918006,2.0
39,Modul 6,Item_39,3,3.0,0.6666666666666667,0.09333333333333334,1.0,0.4706666666666667,4.666666666666667,7.0,"Difficult (divergent codes, semantic distance)","['911753521000004108', '860746006', '93974005']",911753521000004108,1.0
40,Modul 6,Item_40,3,2.0,0.33333333333333337,0.09333333333333334,0.5,0.254,4.666666666666667,6.0,"Moderate (some disagreement, related concepts)","['1155705000', '1155705000', '373068000']",1155705000,2.0
41,Modul 6,Item_41,4,2.0,0.25,0.1,0.3333333333333333,0.19833333333333333,5.0,8.0,"Moderate (some disagreement, related concepts)","['1155708003', '399415002', '1155708003', '1155708003']",1155708003,3.0
42,Modul 6,Item_42,3,1.0,0.0,0.04,0.0,0.016,2.0,2.0,"Easy (high agreement, close concepts)","['1286893008', '1286893008', '1286893008']",1286893008,3.0
43,Modul 6,Item_43,4,2.0,0.25,0.1,0.3333333333333333,0.19833333333333333,5.0,8.0,"Moderate (some disagreement, related concepts)","['1155707008', '399611001', '1155707008', '1155707008']",1155707008,3.0
44,Modul 6,Item_44,4,2.0,0.25,0.09,0.3333333333333333,0.19433333333333333,4.5,7.0,"Moderate (some disagreement, related concepts)","['1268929003', '1268929003', '1268929003', '371932001']",1268929003,3.0
45,Modul 6,Item_45,4,1.0,0.0,0.04,0.0,0.016,2.0,2.0,"Easy (high agreement, close concepts)","['261665006', '261665006', '261665006', '261665006']",261665006,4.0
46,Modul 6,Item_46,4,1.0,0.0,0.04,0.0,0.016,2.0,2.0,"Easy (high agreement, close concepts)","['385432009', '385432009', '385432009', '385432009']",385432009,4.0
47,Modul 6,Item_47,4,1.0,0.0,0.04,0.0,0.016,2.0,2.0,"Easy (high agreement, close concepts)","['444025001', '444025001', '444025001', '444025001']",444025001,4.0
48,Modul 6,Item_48,4,1.0,0.0,0.04,0.0,0.016,2.0,2.0,"Easy (high agreement, close concepts)","['443527007', '443527007', '443527007', '443527007']",443527007,4.0
49,Modul 6,Item_49,4,1.0,0.0,0.04,0.0,0.016,2.0,2.0,"Easy (high agreement, close concepts)","['444411008', '444411008', '444411008', '444411008']",444411008,4.0
50,Modul 6,Item_50,4,1.0,0.0,0.04,0.0,0.016,2.0,2.0,"Easy (high agreement, close concepts)","['1264491009', '1264491009', '1264491009', '1264491009']",1264491009,4.0
51,Modul 6,Item_51,4,3.0,0.5,0.09333333333333334,0.6666666666666666,0.354,4.666666666666667,6.0,"Difficult (divergent codes, semantic distance)","['404684003', '404684003', '900000000000465000', '394617004']",404684003,2.0
52,Modul 9,Item_52,3,1.0,0.0,0.04,0.0,0.016,2.0,2.0,"Easy (high agreement, close concepts)","['278201002', '278201002', '278201002']",278201002,3.0
53,Modul 9,Item_53,3,2.0,0.33333333333333337,0.13333333333333333,0.5,0.27,6.666666666666667,9.0,"Moderate (some disagreement, related concepts)","['410672004', '410671006', '410671006']",410671006,2.0
54,Modul 9,Item_54,3,1.0,0.0,0.04,0.0,0.016,2.0,2.0,"Easy (high agreement, close concepts)","['734841007', '734841007', '734841007']",734841007,3.0
55,Modul 9,Item_55,3,1.0,0.0,0.04,0.0,0.016,2.0,2.0,"Easy (high agreement, close concepts)","['263486008', '263486008', '263486008']",263486008,3.0
56,Modul 10,Item_56,4,2.0,0.25,0.13,0.3333333333333333,0.21033333333333332,6.5,11.0,"Moderate (some disagreement, related concepts)","['445200009', '445200009', '445200009', '277062004']",445200009,3.0
57,Modul 10,Item_57,4,4.0,0.75,0.13,1.0,0.527,6.5,9.0,"Difficult (divergent codes, semantic distance)","['262061000', '445200009', '1295388007', '129265001']",262061000,1.0
58,Modul 10,Item_58,1,,,,,,,,Insufficient coders,['1222638005'],,
59,Modul 10,Item_59,1,,,,,,,,Insufficient coders,['1222639002'],,
60,Modul 10,Item_60,1,,,,,,,,Insufficient coders,['1222640000'],,
61,Modul 10,Item_61,1,,,,,,,,Insufficient coders,['264031007'],,
62,Modul 10,Item_62,1,,,,,,,,Insufficient coders,['40413002'],,
63,Modul 10,Item_63,1,,,,,,,,Insufficient coders,['1222641001'],,
64,Modul 10,Item_64,1,,,,,,,,Insufficient coders,['261665006'],,
65,Modul 10,Item_65,4,2.0,0.5,0.10666666666666666,0.3333333333333333,0.326,5.333333333333333,7.0,"Difficult (divergent codes, semantic distance)","['386053000', '445200009', '445200009', '386053000']",386053000,2.0
66,Modul 10,Item_66,1,,,,,,,,Insufficient coders,['1222638005'],,
67,Modul 10,Item_67,1,,,,,,,,Insufficient coders,['1222639002'],,
68,Modul 10,Item_68,1,,,,,,,,Insufficient coders,['1222640000'],,
69,Modul 10,Item_69,1,,,,,,,,Insufficient coders,['264031007'],,
70,Modul 10,Item_70,1,,,,,,,,Insufficient coders,['40413002'],,
71,Modul 10,Item_71,1,,,,,,,,Insufficient coders,['1222641001'],,
72,Modul 11,Item_72,4,1.0,0.0,0.04,0.0,0.016,2.0,2.0,"Easy (high agreement, close concepts)","['371497001', '371497001', '371497001', '371497001']",371497001,4.0
73,Modul 11,Item_73,4,1.0,0.0,0.04,0.0,0.016,2.0,2.0,"Easy (high agreement, close concepts)","['385421009', '385421009', '385421009', '385421009']",385421009,4.0
74,Modul 11,Item_74,4,3.0,0.5,0.09666666666666666,0.6666666666666666,0.35533333333333333,4.833333333333333,7.0,"Difficult (divergent codes, semantic distance)","['39607008', '39607008', '94391008', '258332000']",39607008,2.0
75,Modul 11,Item_75,4,3.0,0.5,0.1,0.6666666666666666,0.3566666666666667,5.0,8.0,"Difficult (divergent codes, semantic distance)","['272673000', '272673000', '94222008', '258333005']",272673000,2.0
76,Modul 11,Item_76,4,3.0,0.5,0.11,0.6666666666666666,0.36066666666666664,5.5,9.0,"Difficult (divergent codes, semantic distance)","['10200004', '10200004', '94381002', '258334004']",10200004,2.0
77,Modul 11,Item_77,4,3.0,0.5,0.11,0.6666666666666666,0.36066666666666664,5.5,9.0,"Difficult (divergent codes, semantic distance)","['12738006', '12738006', '94248000', '313367003']",12738006,2.0
78,Modul 11,Item_78,4,3.0,0.5,0.09333333333333334,0.6666666666666666,0.354,4.666666666666667,7.0,"Difficult (divergent codes, semantic distance)","['59441001', '59441001', '94392001', '258336002']",59441001,2.0
79,Modul 11,Item_79,4,2.0,0.25,0.04333333333333333,0.3333333333333333,0.17566666666666667,2.1666666666666665,3.0,"Moderate (some disagreement, related concepts)","['14016003', '14016003', '94217008', '14016003']",14016003,3.0
80,Modul 11,Item_80,4,3.0,0.5,0.10666666666666666,0.6666666666666666,0.35933333333333334,5.333333333333333,8.0,"Difficult (divergent codes, semantic distance)","['3120008', '3120008', '94493005', '258337006']",3120008,2.0
81,Modul 11,Item_81,4,3.0,0.5,0.10666666666666666,0.6666666666666666,0.35933333333333334,5.333333333333333,8.0,"Difficult (divergent codes, semantic distance)","['15425007', '15425007', '94627008', '258338001']",15425007,2.0
82,Modul 11,Item_82,4,4.0,0.75,0.13333333333333333,1.0,0.5283333333333333,6.666666666666667,8.0,"Difficult (divergent codes, semantic distance)","['134315000', '23451007', '94161006', '258339009']",134315000,1.0
83,Modul 11,Item_83,4,3.0,0.5,0.09,0.6666666666666666,0.35266666666666663,4.5,7.0,"Difficult (divergent codes, semantic distance)","['39937001', '39937001', '94579000', '258340006']",39937001,2.0
84,Modul 11,Item_84,4,2.0,0.25,0.1,0.3333333333333333,0.19833333333333333,5.0,8.0,"Moderate (some disagreement, related concepts)","['74964007', '74964007', '74964007', '258348004']",74964007,3.0
85,Modul 11,Item_85,4,3.0,0.5,0.09333333333333334,0.6666666666666666,0.354,4.666666666666667,10.0,"Difficult (divergent codes, semantic distance)","['60132005', '405843009', '405843009', '128462008']",405843009,2.0
86,Modul 11,Item_86,4,1.0,0.0,0.04,0.0,0.016,2.0,2.0,"Easy (high agreement, close concepts)","['432213005', '432213005', '432213005', '432213005']",432213005,4.0
87,Modul 12,Item_87,4,4.0,0.75,0.08,1.0,0.507,4.0,7.0,"Difficult (divergent codes, semantic distance)","['103319000', '423740007', '424122007', '423690003']",103319000,1.0
88,Modul 12,Item_88,3,3.0,0.6666666666666667,0.12,1.0,0.4813333333333334,6.0,7.0,"Difficult (divergent codes, semantic distance)","['273546003', '423740007', '761869008']",273546003,1.0
89,Modul 12,Item_89,4,2.0,0.25,0.08,0.3333333333333333,0.19033333333333333,4.0,6.0,"Moderate (some disagreement, related concepts)","['761869008', '425389002', '425389002', '425389002']",425389002,3.0
90,Modul 12,Item_90,4,2.0,0.25,0.08,0.3333333333333333,0.19033333333333333,4.0,6.0,"Moderate (some disagreement, related concepts)","['761869008', '422512005', '422512005', '422512005']",422512005,3.0
91,Modul 12,Item_91,4,2.0,0.25,0.08,0.3333333333333333,0.19033333333333333,4.0,6.0,"Moderate (some disagreement, related concepts)","['761869008', '422894000', '422894000', '422894000']",422894000,3.0
92,Modul 12,Item_92,4,2.0,0.25,0.08,0.3333333333333333,0.19033333333333333,4.0,6.0,"Moderate (some disagreement, related concepts)","['761869008', '423053003', '423053003', '423053003']",423053003,3.0
93,Modul 12,Item_93,4,2.0,0.25,0.07,0.3333333333333333,0.18633333333333332,3.5,5.0,"Moderate (some disagreement, related concepts)","['761869008', '423237006', '423237006', '423237006']",423237006,3.0
94,Modul 12,Item_94,4,1.0,0.0,0.04,0.0,0.016,2.0,2.0,"Easy (high agreement, close concepts)","['261665006', '261665006', '261665006', '261665006']",261665006,4.0
95,Modul 13,Item_95,4,1.0,0.0,0.04,0.0,0.016,2.0,2.0,"Easy (high agreement, close concepts)","['387713003', '387713003', '387713003', '387713003']",387713003,4.0
96,Modul 13,Item_96,4,3.0,0.5,0.14666666666666667,0.6666666666666666,0.3753333333333333,7.333333333333333,11.0,"Difficult (divergent codes, semantic distance)","['363703001', '363703001', '363675004', '367565008']",363703001,2.0
97,Modul 13,Item_97,4,1.0,0.0,0.04,0.0,0.016,2.0,2.0,"Easy (high agreement, close concepts)","['373808002', '373808002', '373808002', '373808002']",373808002,4.0
98,Modul 13,Item_98,4,1.0,0.0,0.04,0.0,0.016,2.0,2.0,"Easy (high agreement, close concepts)","['363676003', '363676003', '363676003', '363676003']",363676003,4.0
99,Modul 13,Item_99,4,1.0,0.0,0.04,0.0,0.016,2.0,2.0,"Easy (high agreement, close concepts)","['261004008', '261004008', '261004008', '261004008']",261004008,4.0
100,Modul 13,Item_100,4,2.0,0.25,0.09,0.3333333333333333,0.19433333333333333,4.5,7.0,"Moderate (some disagreement, related concepts)","['255231005', '255231005', '261560009', '255231005']",255231005,3.0
101,Modul 13,Item_101,4,1.0,0.0,0.04,0.0,0.016,2.0,2.0,"Easy (high agreement, close concepts)","['74964007', '74964007', '74964007', '74964007']",74964007,4.0
102,Modul 13,Item_102,3,1.0,0.0,0.04,0.0,0.016,2.0,2.0,"Easy (high agreement, close concepts)","['1287211007', '1287211007', '1287211007']",1287211007,3.0
103,Modul 13,Item_103,4,1.0,0.0,0.04,0.0,0.016,2.0,2.0,"Easy (high agreement, close concepts)","['439272007', '439272007', '439272007', '439272007']",439272007,4.0
104,Modul 13,Item_104,1,,,,,,,,Insufficient coders,['387713003'],,
105,Modul 13,Item_105,1,,,,,,,,Insufficient coders,['387713003'],,
106,Modul 13,Item_106,4,2.0,0.25,0.1,0.3333333333333333,0.19833333333333333,5.0,8.0,"Moderate (some disagreement, related concepts)","['88797001', '88797001', '88797001', '263718001']",88797001,3.0
107,Modul 13,Item_107,4,1.0,0.0,0.04,0.0,0.016,2.0,2.0,"Easy (high agreement, close concepts)","['373067005', '373067005', '373067005', '373067005']",373067005,4.0
108,Modul 13,Item_108,4,1.0,0.0,0.04,0.0,0.016,2.0,2.0,"Easy (high agreement, close concepts)","['261665006', '261665006', '261665006', '261665006']",261665006,4.0
109,Modul 13,Item_109,1,,,,,,,,Insufficient coders,['373066001'],,
110,Modul 13,Item_110,3,2.0,0.33333333333333337,0.04,0.5,0.2326666666666667,2.0,2.0,"Moderate (some disagreement, related concepts)","['128477000', '128477000', '118442004']",128477000,2.0
111,Modul 13,Item_111,4,1.0,0.0,0.04,0.0,0.016,2.0,2.0,"Easy (high agreement, close concepts)","['75100008', '75100008', '75100008', '75100008']",75100008,4.0
112,Modul 13,Item_112,4,3.0,0.5,0.11666666666666665,0.6666666666666666,0.3633333333333333,5.833333333333333,11.0,"Difficult (divergent codes, semantic distance)","['405950009', '128477000', '128477000', '303218009']",128477000,2.0
113,Modul 13,Item_113,4,2.0,0.5,0.04,0.3333333333333333,0.29933333333333334,2.0,2.0,"Moderate (some disagreement, related concepts)","['14669001', '14669001', '723189000', '723189000']",14669001,2.0
114,Modul 13,Item_114,4,3.0,0.5,0.04666666666666667,0.6666666666666666,0.3353333333333333,2.3333333333333335,3.0,"Difficult (divergent codes, semantic distance)","['8635005', '8635005', '724726005', '191476005']",8635005,2.0
115,Modul 13,Item_115,4,1.0,0.0,0.04,0.0,0.016,2.0,2.0,"Easy (high agreement, close concepts)","['419076005', '419076005', '419076005', '419076005']",419076005,4.0
116,Modul 13,Item_116,4,2.0,0.25,0.03666666666666667,0.3333333333333333,0.173,1.8333333333333333,2.0,"Moderate (some disagreement, related concepts)","['735173007', '39579001', '735173007', '735173007']",735173007,3.0
117,Modul 13,Item_117,2,2.0,0.5,0.04,1.0,0.366,2.0,2.0,"Difficult (divergent codes, semantic distance)","['236085004', '236087007']",236085004,1.0
118,Modul 13,Item_118,4,1.0,0.0,0.04,0.0,0.016,2.0,2.0,"Easy (high agreement, close concepts)","['230690007', '230690007', '230690007', '230690007']",230690007,4.0
119,Modul 13,Item_119,4,1.0,0.0,0.04,0.0,0.016,2.0,2.0,"Easy (high agreement, close concepts)","['53206008', '53206008', '53206008', '53206008']",53206008,4.0
120,Modul 13,Item_120,4,1.0,0.0,0.04,0.0,0.016,2.0,2.0,"Easy (high agreement, close concepts)","['37372002', '37372002', '37372002', '37372002']",37372002,4.0
121,Modul 13,Item_121,1,,,,,,,,Insufficient coders,['112798008'],,
122,Modul 13,Item_122,0,,,,,,,,No codes,[],,
123,Modul 13,Item_123,4,1.0,0.0,0.04,0.0,0.016,2.0,2.0,"Easy (high agreement, close concepts)","['82403002', '82403002', '82403002', '82403002']",82403002,4.0
124,Modul 13,Item_124,4,2.0,0.25,0.03333333333333333,0.3333333333333333,0.17166666666666666,1.6666666666666667,2.0,"Moderate (some disagreement, related concepts)","['236085004', '236091002', '236085004', '236085004']",236085004,3.0
125,Modul 13,Item_125,4,2.0,0.25,0.05,0.3333333333333333,0.17833333333333334,2.5,3.0,"Moderate (some disagreement, related concepts)","['81060008', '81060008', '81060008', '235823004']",81060008,3.0
126,Modul 13,Item_126,4,1.0,0.0,0.04,0.0,0.016,2.0,2.0,"Easy (high agreement, close concepts)","['67406007', '67406007', '67406007', '67406007']",67406007,4.0
127,Modul 13,Item_127,4,3.0,0.5,0.08,0.6666666666666666,0.3486666666666667,4.0,6.0,"Difficult (divergent codes, semantic distance)","['772133000', '772133000', '724726005', '840321001']",772133000,2.0
128,Modul 13,Item_128,3,1.0,0.0,0.04,0.0,0.016,2.0,2.0,"Easy (high agreement, close concepts)","['1163215007', '1163215007', '1163215007']",1163215007,3.0
129,Modul 13,Item_129,4,2.0,0.25,0.04,0.3333333333333333,0.17433333333333334,2.0,2.0,"Moderate (some disagreement, related concepts)","['236089005', '236089005', '236089005', '277540008']",236089005,3.0
130,Modul 13,Item_130,3,2.0,0.33333333333333337,0.05333333333333333,0.5,0.23800000000000004,2.6666666666666665,3.0,"Moderate (some disagreement, related concepts)","['735426009', '735426009', '22883003']",735426009,2.0
131,Modul 13,Item_131,4,1.0,0.0,0.04,0.0,0.016,2.0,2.0,"Easy (high agreement, close concepts)","['64779008', '64779008', '64779008', '64779008']",64779008,4.0
132,Modul 13,Item_132,4,1.0,0.0,0.04,0.0,0.016,2.0,2.0,"Easy (high agreement, close concepts)","['8765009', '8765009', '8765009', '8765009']",8765009,4.0
133,Modul 13,Item_133,4,1.0,0.0,0.04,0.0,0.016,2.0,2.0,"Easy (high agreement, close concepts)","['34436003', '34436003', '34436003', '34436003']",34436003,4.0
134,Modul 13,Item_134,4,1.0,0.0,0.04,0.0,0.016,2.0,2.0,"Easy (high agreement, close concepts)","['355001', '355001', '355001', '355001']",355001,4.0
135,Modul 13,Item_135,4,1.0,0.0,0.04,0.0,0.016,2.0,2.0,"Easy (high agreement, close concepts)","['57243009', '57243009', '57243009', '57243009']",57243009,4.0
136,Modul 13,Item_136,4,2.0,0.25,0.04,0.3333333333333333,0.17433333333333334,2.0,2.0,"Moderate (some disagreement, related concepts)","['95347000', '95347000', '781193006', '95347000']",95347000,3.0
137,Modul 13,Item_137,4,1.0,0.0,0.04,0.0,0.016,2.0,2.0,"Easy (high agreement, close concepts)","['84114007', '84114007', '84114007', '84114007']",84114007,4.0
138,Modul 13,Item_138,4,1.0,0.0,0.04,0.0,0.016,2.0,2.0,"Easy (high agreement, close concepts)","['698247007', '698247007', '698247007', '698247007']",698247007,4.0
139,Modul 13,Item_139,1,,,,,,,,Insufficient coders,['73013002'],,
140,Modul 13,Item_140,3,2.0,0.33333333333333337,0.04,0.5,0.2326666666666667,2.0,2.0,"Moderate (some disagreement, related concepts)","['2776000', '2776000', '191447007']",2776000,2.0
141,Modul 13,Item_141,4,1.0,0.0,0.04,0.0,0.016,2.0,2.0,"Easy (high agreement, close concepts)","['14783006', '14783006', '14783006', '14783006']",14783006,4.0
142,Modul 13,Item_142,3,3.0,0.6666666666666667,0.05333333333333333,1.0,0.45466666666666666,2.6666666666666665,3.0,"Difficult (divergent codes, semantic distance)","['232413009', '428794004', '126663003']",232413009,1.0
143,Modul 13,Item_143,4,1.0,0.0,0.04,0.0,0.016,2.0,2.0,"Easy (high agreement, close concepts)","['234044007', '234044007', '234044007', '234044007']",234044007,4.0
144,Modul 13,Item_144,4,1.0,0.0,0.04,0.0,0.016,2.0,2.0,"Easy (high agreement, close concepts)","['89138009', '89138009', '89138009', '89138009']",89138009,4.0
145,Modul 13,Item_145,0,,,,,,,,No codes,[],,
146,Modul 13,Item_146,3,1.0,0.0,0.04,0.0,0.016,2.0,2.0,"Easy (high agreement, close concepts)","['19220005', '19220005', '19220005']",19220005,3.0
147,Modul 13,Item_147,3,1.0,0.0,0.04,0.0,0.016,2.0,2.0,"Easy (high agreement, close concepts)","['91175000', '91175000', '91175000']",91175000,3.0
148,Modul 13,Item_148,3,1.0,0.0,0.04,0.0,0.016,2.0,2.0,"Easy (high agreement, close concepts)","['26629001', '26629001', '26629001']",26629001,3.0
149,Modul 13,Item_149,4,1.0,0.0,0.04,0.0,0.016,2.0,2.0,"Easy (high agreement, close concepts)","['59927004', '59927004', '59927004', '59927004']",59927004,4.0
150,Modul 13,Item_150,4,1.0,0.0,0.04,0.0,0.016,2.0,2.0,"Easy (high agreement, close concepts)","['19242006', '19242006', '19242006', '19242006']",19242006,4.0
151,Modul 13,Item_151,4,1.0,0.0,0.04,0.0,0.016,2.0,2.0,"Easy (high agreement, close concepts)","['234105001', '234105001', '234105001', '234105001']",234105001,4.0
152,Modul 13,Item_152,4,1.0,0.0,0.04,0.0,0.016,2.0,2.0,"Easy (high agreement, close concepts)","['234109007', '234109007', '234109007', '234109007']",234109007,4.0
153,Modul 13,Item_153,2,2.0,0.5,0.04,1.0,0.366,2.0,2.0,"Difficult (divergent codes, semantic distance)","['386211005', '314944001']",386211005,1.0
154,Modul 13,Item_154,4,1.0,0.0,0.04,0.0,0.016,2.0,2.0,"Easy (high agreement, close concepts)","['46420000', '46420000', '46420000', '46420000']",46420000,4.0
155,Modul 13,Item_155,4,1.0,0.0,0.04,0.0,0.016,2.0,2.0,"Easy (high agreement, close concepts)","['373409004', '373409004', '373409004', '373409004']",373409004,4.0
156,Modul 13,Item_156,4,1.0,0.0,0.04,0.0,0.016,2.0,2.0,"Easy (high agreement, close concepts)","['243410003', '243410003', '243410003', '243410003']",243410003,4.0
157,Modul 13,Item_157,4,1.0,0.0,0.04,0.0,0.016,2.0,2.0,"Easy (high agreement, close concepts)","['22298006', '22298006', '22298006', '22298006']",22298006,4.0
158,Modul 13,Item_158,3,2.0,0.33333333333333337,0.04,0.5,0.2326666666666667,2.0,2.0,"Moderate (some disagreement, related concepts)","['308896002', '308896002', '110265006']",308896002,2.0
159,Modul 13,Item_159,3,2.0,0.33333333333333337,0.04,0.5,0.2326666666666667,2.0,2.0,"Moderate (some disagreement, related concepts)","['308896002', '308896002', '110265006']",308896002,2.0
160,Modul 13,Item_160,0,,,,,,,,No codes,[],,
161,Modul 13,Item_161,4,1.0,0.0,0.04,0.0,0.016,2.0,2.0,"Easy (high agreement, close concepts)","['16761005', '16761005', '16761005', '16761005']",16761005,4.0
162,Modul 13,Item_162,4,2.0,0.25,0.03666666666666667,0.3333333333333333,0.173,1.8333333333333333,2.0,"Moderate (some disagreement, related concepts)","['274144001', '274144001', '60168000', '274144001']",274144001,3.0
163,Modul 13,Item_163,4,1.0,0.0,0.04,0.0,0.016,2.0,2.0,"Easy (high agreement, close concepts)","['25803005', '25803005', '25803005', '25803005']",25803005,4.0
164,Modul 13,Item_164,4,1.0,0.0,0.04,0.0,0.016,2.0,2.0,"Easy (high agreement, close concepts)","['75694006', '75694006', '75694006', '75694006']",75694006,4.0
165,Modul 13,Item_165,3,2.0,0.33333333333333337,0.04,0.5,0.2326666666666667,2.0,2.0,"Moderate (some disagreement, related concepts)","['6072007', '6072007', '12063002']",6072007,2.0
166,Modul 13,Item_166,0,,,,,,,,No codes,[],,
167,Modul 13,Item_167,3,2.0,0.33333333333333337,0.04,0.5,0.2326666666666667,2.0,2.0,"Moderate (some disagreement, related concepts)","['399957001', '399957001', '286959000']",399957001,2.0
168,Modul 13,Item_168,4,1.0,0.0,0.04,0.0,0.016,2.0,2.0,"Easy (high agreement, close concepts)","['48661000', '48661000', '48661000', '48661000']",48661000,4.0
169,Modul 13,Item_169,2,1.0,0.0,0.04,0.0,0.016,2.0,2.0,"Easy (high agreement, close concepts)","['698817002', '698817002']",698817002,2.0
170,Modul 13,Item_170,4,1.0,0.0,0.04,0.0,0.016,2.0,2.0,"Easy (high agreement, close concepts)","['58554001', '58554001', '58554001', '58554001']",58554001,4.0
171,Modul 13,Item_171,4,1.0,0.0,0.04,0.0,0.016,2.0,2.0,"Easy (high agreement, close concepts)","['60046008', '60046008', '60046008', '60046008']",60046008,4.0
172,Modul 13,Item_172,4,1.0,0.0,0.04,0.0,0.016,2.0,2.0,"Easy (high agreement, close concepts)","['233604007', '233604007', '233604007', '233604007']",233604007,4.0
173,Modul 13,Item_173,4,1.0,0.0,0.04,0.0,0.016,2.0,2.0,"Easy (high agreement, close concepts)","['36118008', '36118008', '36118008', '36118008']",36118008,4.0
174,Modul 13,Item_174,4,2.0,0.5,0.026666666666666665,0.3333333333333333,0.294,1.3333333333333333,2.0,"Moderate (some disagreement, related concepts)","['1162567000', '1162567000', '55525008', '55525008']",1162567000,2.0
175,Modul 13,Item_175,4,2.0,0.25,0.04,0.3333333333333333,0.17433333333333334,2.0,2.0,"Moderate (some disagreement, related concepts)","['59282003', '59282003', '59282003', '1293114006']",59282003,3.0
176,Modul 13,Item_176,4,2.0,0.5,0.06666666666666667,0.3333333333333333,0.31,3.3333333333333335,4.0,"Difficult (divergent codes, semantic distance)","['1052239007', '1052239007', '42998008', '42998008']",1052239007,2.0
177,Modul 13,Item_177,4,1.0,0.0,0.04,0.0,0.016,2.0,2.0,"Easy (high agreement, close concepts)","['409623005', '409623005', '409623005', '409623005']",409623005,4.0
178,Modul 13,Item_178,4,2.0,0.25,0.03666666666666667,0.3333333333333333,0.173,1.8333333333333333,2.0,"Moderate (some disagreement, related concepts)","['19220005', '19220005', '473048005', '19220005']",19220005,3.0
179,Modul 13,Item_179,4,1.0,0.0,0.04,0.0,0.016,2.0,2.0,"Easy (high agreement, close concepts)","['76571007', '76571007', '76571007', '76571007']",76571007,4.0
180,Modul 13,Item_180,4,2.0,0.25,0.06,0.3333333333333333,0.18233333333333332,3.0,4.0,"Moderate (some disagreement, related concepts)","['76314005', '76314005', '76314005', '190902006']",76314005,3.0
181,Modul 13,Item_181,4,2.0,0.25,0.06,0.3333333333333333,0.18233333333333332,3.0,4.0,"Moderate (some disagreement, related concepts)","['302918009', '302918009', '302918009', '63597007']",302918009,3.0
182,Modul 13,Item_182,4,1.0,0.0,0.04,0.0,0.016,2.0,2.0,"Easy (high agreement, close concepts)","['302215000', '302215000', '302215000', '302215000']",302215000,4.0
183,Modul 13,Item_183,4,1.0,0.0,0.04,0.0,0.016,2.0,2.0,"Easy (high agreement, close concepts)","['266257000', '266257000', '266257000', '266257000']",266257000,4.0
184,Modul 13,Item_184,4,2.0,0.25,0.09,0.3333333333333333,0.19433333333333333,4.5,7.0,"Moderate (some disagreement, related concepts)","['82545002', '82545002', '82545002', '287169004']",82545002,3.0
185,Modul 13,Item_185,4,1.0,0.0,0.04,0.0,0.016,2.0,2.0,"Easy (high agreement, close concepts)","['239160006', '239160006', '239160006', '239160006']",239160006,4.0
186,Modul 13,Item_186,3,1.0,0.0,0.04,0.0,0.016,2.0,2.0,"Easy (high agreement, close concepts)","['271618001', '271618001', '271618001']",271618001,3.0
187,Modul 14,Item_187,4,2.0,0.25,0.04333333333333333,0.3333333333333333,0.17566666666666667,2.1666666666666665,3.0,"Moderate (some disagreement, related concepts)","['1287742003', '1287742003', '385798007', '1287742003']",1287742003,3.0
188,Modul 14,Item_188,4,4.0,0.75,0.16666666666666669,1.0,0.5416666666666666,8.333333333333334,12.0,"Difficult (divergent codes, semantic distance)","['262202000', '363703001', '363675004', '367565008']",262202000,1.0
189,Modul 14,Item_189,4,1.0,0.0,0.04,0.0,0.016,2.0,2.0,"Easy (high agreement, close concepts)","['373808002', '373808002', '373808002', '373808002']",373808002,4.0
190,Modul 14,Item_190,4,2.0,0.25,0.03,0.3333333333333333,0.17033333333333334,1.5,2.0,"Moderate (some disagreement, related concepts)","['168528006', '363676003', '363676003', '363676003']",363676003,3.0
191,Modul 14,Item_191,4,2.0,0.25,0.16,0.3333333333333333,0.22233333333333333,8.0,14.0,"Moderate (some disagreement, related concepts)","['373808002', '373808002', '373808002', '1255358009']",373808002,3.0
192,Modul 14,Item_192,4,1.0,0.0,0.04,0.0,0.016,2.0,2.0,"Easy (high agreement, close concepts)","['74964007', '74964007', '74964007', '74964007']",74964007,4.0
193,Modul 14,Item_193,3,2.0,0.33333333333333337,0.08,0.5,0.2486666666666667,4.0,5.0,"Moderate (some disagreement, related concepts)","['1287211007', '1287211007', '385432009']",1287211007,2.0
194,Modul 14,Item_194,0,,,,,,,,No codes,[],,
195,Modul 14,Item_195,0,,,,,,,,No codes,[],,
196,Modul 14,Item_196,4,1.0,0.0,0.04,0.0,0.016,2.0,2.0,"Easy (high agreement, close concepts)","['373846009', '373846009', '373846009', '373846009']",373846009,4.0
197,Modul 14,Item_197,4,1.0,0.0,0.04,0.0,0.016,2.0,2.0,"Easy (high agreement, close concepts)","['373847000', '373847000', '373847000', '373847000']",373847000,4.0
198,Modul 14,Item_198,3,1.0,0.0,0.04,0.0,0.016,2.0,2.0,"Easy (high agreement, close concepts)","['277671009', '277671009', '277671009']",277671009,3.0
199,Modul 14,Item_199,4,1.0,0.0,0.04,0.0,0.016,2.0,2.0,"Easy (high agreement, close concepts)","['260364009', '260364009', '260364009', '260364009']",260364009,4.0
200,Modul 14,Item_200,4,1.0,0.0,0.04,0.0,0.016,2.0,2.0,"Easy (high agreement, close concepts)","['74964007', '74964007', '74964007', '74964007']",74964007,4.0
201,Modul 14,Item_201,3,2.0,0.33333333333333337,0.12,0.5,0.26466666666666666,6.0,8.0,"Moderate (some disagreement, related concepts)","['405813007', '405813007', '279230002']",405813007,2.0
202,Modul 14,Item_202,0,,,,,,,,No codes,[],,
203,Modul 14,Item_203,3,1.0,0.0,0.04,0.0,0.016,2.0,2.0,"Easy (high agreement, close concepts)","['21483005', '21483005', '21483005']",21483005,3.0
204,Modul 14,Item_204,4,1.0,0.0,0.04,0.0,0.016,2.0,2.0,"Easy (high agreement, close concepts)","['258335003', '258335003', '258335003', '258335003']",258335003,4.0
205,Modul 14,Item_205,4,1.0,0.0,0.04,0.0,0.016,2.0,2.0,"Easy (high agreement, close concepts)","['119235005', '119235005', '119235005', '119235005']",119235005,4.0
206,Modul 14,Item_206,4,2.0,0.5,0.05333333333333333,0.3333333333333333,0.30466666666666664,2.6666666666666665,3.0,"Difficult (divergent codes, semantic distance)","['389079005', '389079005', '2748008', '2748008']",389079005,2.0
207,Modul 14,Item_207,4,1.0,0.0,0.04,0.0,0.016,2.0,2.0,"Easy (high agreement, close concepts)","['56329008', '56329008', '56329008', '56329008']",56329008,4.0
208,Modul 14,Item_208,4,2.0,0.25,0.13,0.3333333333333333,0.21033333333333332,6.5,11.0,"Moderate (some disagreement, related concepts)","['74964007', '12738006', '74964007', '74964007']",74964007,3.0
209,Modul 14,Item_209,3,2.0,0.33333333333333337,0.05333333333333333,0.5,0.23800000000000004,2.6666666666666665,3.0,"Moderate (some disagreement, related concepts)","['774007', '774007', '361355005']",774007,2.0
210,Modul 14,Item_210,4,2.0,0.5,0.026666666666666665,0.3333333333333333,0.294,1.3333333333333333,2.0,"Moderate (some disagreement, related concepts)","['1290032005', '1290032005', '81745001', '81745001']",1290032005,2.0
211,Modul 14,Item_211,4,2.0,0.5,0.05333333333333333,0.3333333333333333,0.30466666666666664,2.6666666666666665,3.0,"Difficult (divergent codes, semantic distance)","['1286894002', '1286894002', '45206002', '45206002']",1286894002,2.0
212,Modul 14,Item_212,4,1.0,0.0,0.04,0.0,0.016,2.0,2.0,"Easy (high agreement, close concepts)","['74262004', '74262004', '74262004', '74262004']",74262004,4.0
213,Modul 14,Item_213,4,2.0,0.25,0.03666666666666667,0.3333333333333333,0.173,1.8333333333333333,3.0,"Moderate (some disagreement, related concepts)","['117590005', '25577004', '117590005', '117590005']",117590005,3.0
214,Modul 14,Item_214,4,2.0,0.25,0.03666666666666667,0.3333333333333333,0.173,1.8333333333333333,3.0,"Moderate (some disagreement, related concepts)","['385294005', '725038004', '385294005', '385294005']",385294005,3.0
215,Modul 14,Item_215,4,1.0,0.0,0.04,0.0,0.016,2.0,2.0,"Easy (high agreement, close concepts)","['54066008', '54066008', '54066008', '54066008']",54066008,4.0
216,Modul 14,Item_216,4,1.0,0.0,0.04,0.0,0.016,2.0,2.0,"Easy (high agreement, close concepts)","['71836000', '71836000', '71836000', '71836000']",71836000,4.0
217,Modul 14,Item_217,4,1.0,0.0,0.04,0.0,0.016,2.0,2.0,"Easy (high agreement, close concepts)","['31389004', '31389004', '31389004', '31389004']",31389004,4.0
218,Modul 14,Item_218,4,1.0,0.0,0.04,0.0,0.016,2.0,2.0,"Easy (high agreement, close concepts)","['81502006', '81502006', '81502006', '81502006']",81502006,4.0
219,Modul 14,Item_219,4,1.0,0.0,0.04,0.0,0.016,2.0,2.0,"Easy (high agreement, close concepts)","['4596009', '4596009', '4596009', '4596009']",4596009,4.0
220,Modul 14,Item_220,4,1.0,0.0,0.04,0.0,0.016,2.0,2.0,"Easy (high agreement, close concepts)","['69748006', '69748006', '69748006', '69748006']",69748006,4.0
221,Modul 14,Item_221,4,2.0,0.5,0.18666666666666668,0.3333333333333333,0.358,9.333333333333334,13.0,"Difficult (divergent codes, semantic distance)","['774007', '774007', '74964007', '74964007']",774007,2.0
222,Modul 14,Item_222,3,1.0,0.0,0.04,0.0,0.016,2.0,2.0,"Easy (high agreement, close concepts)","['51185008', '51185008', '51185008']",51185008,3.0
223,Modul 14,Item_223,4,3.0,0.5,0.03333333333333333,0.6666666666666666,0.32999999999999996,1.6666666666666667,3.0,"Difficult (divergent codes, semantic distance)","['181131000', '361715005', '181131000', '76752008']",181131000,2.0
224,Modul 14,Item_224,4,2.0,0.25,0.03666666666666667,0.3333333333333333,0.173,1.8333333333333333,3.0,"Moderate (some disagreement, related concepts)","['119184005', '735084003', '119184005', '119184005']",119184005,3.0
225,Modul 14,Item_225,4,1.0,0.0,0.04,0.0,0.016,2.0,2.0,"Easy (high agreement, close concepts)","['78904004', '78904004', '78904004', '78904004']",78904004,4.0
226,Modul 14,Item_226,4,2.0,0.25,0.03666666666666667,0.3333333333333333,0.173,1.8333333333333333,3.0,"Moderate (some disagreement, related concepts)","['39607008', '3341006', '39607008', '39607008']",39607008,3.0
227,Modul 14,Item_227,4,1.0,0.0,0.04,0.0,0.016,2.0,2.0,"Easy (high agreement, close concepts)","['32849002', '32849002', '32849002', '32849002']",32849002,4.0
228,Modul 14,Item_228,4,1.0,0.0,0.04,0.0,0.016,2.0,2.0,"Easy (high agreement, close concepts)","['72410000', '72410000', '72410000', '72410000']",72410000,4.0
229,Modul 14,Item_229,4,1.0,0.0,0.04,0.0,0.016,2.0,2.0,"Easy (high agreement, close concepts)","['9875009', '9875009', '9875009', '9875009']",9875009,4.0
230,Modul 14,Item_230,4,2.0,0.5,0.1733333333333333,0.3333333333333333,0.3526666666666667,8.666666666666666,12.0,"Difficult (divergent codes, semantic distance)","['51185008', '51185008', '74964007', '74964007']",51185008,2.0
231,Modul 14,Item_231,3,2.0,0.33333333333333337,0.05333333333333333,0.5,0.23800000000000004,2.6666666666666665,3.0,"Moderate (some disagreement, related concepts)","['818983003', '818983003', '302553009']",818983003,2.0
232,Modul 14,Item_232,4,1.0,0.0,0.04,0.0,0.016,2.0,2.0,"Easy (high agreement, close concepts)","['69695003', '69695003', '69695003', '69695003']",69695003,4.0
233,Modul 14,Item_233,4,1.0,0.0,0.04,0.0,0.016,2.0,2.0,"Easy (high agreement, close concepts)","['15776009', '15776009', '15776009', '15776009']",15776009,4.0
234,Modul 14,Item_234,4,1.0,0.0,0.04,0.0,0.016,2.0,2.0,"Easy (high agreement, close concepts)","['10200004', '10200004', '10200004', '10200004']",10200004,4.0
235,Modul 14,Item_235,4,1.0,0.0,0.04,0.0,0.016,2.0,2.0,"Easy (high agreement, close concepts)","['78961009', '78961009', '78961009', '78961009']",78961009,4.0
236,Modul 14,Item_236,4,2.0,0.25,0.03666666666666667,0.3333333333333333,0.173,1.8333333333333333,3.0,"Moderate (some disagreement, related concepts)","['64033007', '9846003', '64033007', '64033007']",64033007,3.0
237,Modul 14,Item_237,4,2.0,0.25,0.03666666666666667,0.3333333333333333,0.173,1.8333333333333333,3.0,"Moderate (some disagreement, related concepts)","['23451007', '29392005', '23451007', '23451007']",23451007,3.0
238,Modul 14,Item_238,4,1.0,0.0,0.04,0.0,0.016,2.0,2.0,"Easy (high agreement, close concepts)","['82849001', '82849001', '82849001', '82849001']",82849001,4.0
239,Modul 14,Item_239,4,2.0,0.25,0.03666666666666667,0.3333333333333333,0.173,1.8333333333333333,3.0,"Moderate (some disagreement, related concepts)","['87953007', '25308007', '87953007', '87953007']",87953007,3.0
240,Modul 14,Item_240,4,3.0,0.5,0.06666666666666667,0.6666666666666666,0.3433333333333333,3.3333333333333335,4.0,"Difficult (divergent codes, semantic distance)","['822992007', '822992007', '362696003', '177853001']",822992007,2.0
241,Modul 14,Item_241,4,1.0,0.0,0.04,0.0,0.016,2.0,2.0,"Easy (high agreement, close concepts)","['80581009', '80581009', '80581009', '80581009']",80581009,4.0
242,Modul 14,Item_242,4,1.0,0.0,0.04,0.0,0.016,2.0,2.0,"Easy (high agreement, close concepts)","['28273000', '28273000', '28273000', '28273000']",28273000,4.0
243,Modul 14,Item_243,4,1.0,0.0,0.04,0.0,0.016,2.0,2.0,"Easy (high agreement, close concepts)","['28231008', '28231008', '28231008', '28231008']",28231008,4.0
244,Modul 14,Item_244,4,2.0,0.5,0.1733333333333333,0.3333333333333333,0.3526666666666667,8.666666666666666,12.0,"Difficult (divergent codes, semantic distance)","['818983003', '818983003', '74964007', '74964007']",818983003,2.0
245,Modul 14,Item_245,3,2.0,0.33333333333333337,0.04,0.5,0.2326666666666667,2.0,2.0,"Moderate (some disagreement, related concepts)","['826984001', '826984001', '12921003']",826984001,2.0
246,Modul 14,Item_246,4,1.0,0.0,0.04,0.0,0.016,2.0,2.0,"Easy (high agreement, close concepts)","['34402009', '34402009', '34402009', '34402009']",34402009,4.0
247,Modul 14,Item_247,4,2.0,0.25,0.03,0.3333333333333333,0.17033333333333334,1.5,2.0,"Moderate (some disagreement, related concepts)","['53505006', '53505006', '53505006', '81939000']",53505006,3.0
248,Modul 14,Item_248,4,1.0,0.0,0.04,0.0,0.016,2.0,2.0,"Easy (high agreement, close concepts)","['89837001', '89837001', '89837001', '89837001']",89837001,4.0
249,Modul 14,Item_249,4,1.0,0.0,0.04,0.0,0.016,2.0,2.0,"Easy (high agreement, close concepts)","['41216001', '41216001', '41216001', '41216001']",41216001,4.0
250,Modul 14,Item_250,4,2.0,0.25,0.03666666666666667,0.3333333333333333,0.173,1.8333333333333333,3.0,"Moderate (some disagreement, related concepts)","['40689003', '15598003', '40689003', '40689003']",40689003,3.0
251,Modul 14,Item_251,4,1.0,0.0,0.04,0.0,0.016,2.0,2.0,"Easy (high agreement, close concepts)","['18911002', '18911002', '18911002', '18911002']",18911002,4.0
252,Modul 14,Item_252,4,1.0,0.0,0.04,0.0,0.016,2.0,2.0,"Easy (high agreement, close concepts)","['35039007', '35039007', '35039007', '35039007']",35039007,4.0
253,Modul 14,Item_253,4,1.0,0.0,0.04,0.0,0.016,2.0,2.0,"Easy (high agreement, close concepts)","['71252005', '71252005', '71252005', '71252005']",71252005,4.0
254,Modul 14,Item_254,4,1.0,0.0,0.04,0.0,0.016,2.0,2.0,"Easy (high agreement, close concepts)","['45292006', '45292006', '45292006', '45292006']",45292006,4.0
255,Modul 14,Item_255,4,1.0,0.0,0.04,0.0,0.016,2.0,2.0,"Easy (high agreement, close concepts)","['76784001', '76784001', '76784001', '76784001']",76784001,4.0
256,Modul 14,Item_256,4,1.0,0.0,0.04,0.0,0.016,2.0,2.0,"Easy (high agreement, close concepts)","['3665003', '3665003', '3665003', '3665003']",3665003,4.0
257,Modul 14,Item_257,4,2.0,0.5,0.2,0.3333333333333333,0.36333333333333334,10.0,14.0,"Difficult (divergent codes, semantic distance)","['826984001', '826984001', '74964007', '74964007']",826984001,2.0
258,Modul 14,Item_258,3,1.0,0.0,0.04,0.0,0.016,2.0,2.0,"Easy (high agreement, close concepts)","['113192009', '113192009', '113192009']",113192009,3.0
259,Modul 14,Item_259,4,1.0,0.0,0.04,0.0,0.016,2.0,2.0,"Easy (high agreement, close concepts)","['89546000', '89546000', '89546000', '89546000']",89546000,4.0
260,Modul 14,Item_260,4,1.0,0.0,0.04,0.0,0.016,2.0,2.0,"Easy (high agreement, close concepts)","['31467002', '31467002', '31467002', '31467002']",31467002,4.0
261,Modul 14,Item_261,4,2.0,0.25,0.04333333333333333,0.3333333333333333,0.17566666666666667,2.1666666666666665,3.0,"Moderate (some disagreement, related concepts)","['363654007', '773933006', '363654007', '363654007']",363654007,3.0
262,Modul 14,Item_262,4,2.0,0.25,0.03666666666666667,0.3333333333333333,0.173,1.8333333333333333,3.0,"Moderate (some disagreement, related concepts)","['84667006', '84667006', '122494005', '84667006']",84667006,3.0
263,Modul 14,Item_263,4,2.0,0.25,0.03666666666666667,0.3333333333333333,0.173,1.8333333333333333,3.0,"Moderate (some disagreement, related concepts)","['35769007', '35769007', '122495006', '35769007']",35769007,3.0
264,Modul 14,Item_264,4,2.0,0.25,0.03666666666666667,0.3333333333333333,0.173,1.8333333333333333,3.0,"Moderate (some disagreement, related concepts)","['73903008', '73903008', '122496007', '73903008']",73903008,3.0
265,Modul 14,Item_265,4,2.0,0.25,0.03666666666666667,0.3333333333333333,0.173,1.8333333333333333,3.0,"Moderate (some disagreement, related concepts)","['54735007', '54735007', '699698002', '54735007']",54735007,3.0
266,Modul 14,Item_266,4,2.0,0.25,0.03666666666666667,0.3333333333333333,0.173,1.8333333333333333,3.0,"Moderate (some disagreement, related concepts)","['113197003', '724221004', '113197003', '113197003']",113197003,3.0
267,Modul 14,Item_267,4,1.0,0.0,0.04,0.0,0.016,2.0,2.0,"Easy (high agreement, close concepts)","['56873002', '56873002', '56873002', '56873002']",56873002,4.0
268,Modul 14,Item_268,4,3.0,0.5,0.03333333333333333,0.6666666666666666,0.32999999999999996,1.6666666666666667,3.0,"Difficult (divergent codes, semantic distance)","['896747000', '1201928007', '896747000', '16982005']",896747000,2.0
269,Modul 14,Item_269,4,3.0,0.5,0.04,0.6666666666666666,0.33266666666666667,2.0,3.0,"Difficult (divergent codes, semantic distance)","['85050009', '719461004', '85050009', '40983000']",85050009,2.0
270,Modul 14,Item_270,4,3.0,0.5,0.03333333333333333,0.6666666666666666,0.32999999999999996,1.6666666666666667,3.0,"Difficult (divergent codes, semantic distance)","['299701004', '758645001', '299701004', '14975008']",299701004,2.0
271,Modul 14,Item_271,4,3.0,0.5,0.04333333333333333,0.6666666666666666,0.33399999999999996,2.1666666666666665,3.0,"Difficult (divergent codes, semantic distance)","['24097009', '734355008', '24097009', '85562004']",24097009,2.0
272,Modul 14,Item_272,4,3.0,0.5,0.04,0.6666666666666666,0.33266666666666667,2.0,3.0,"Difficult (divergent codes, semantic distance)","['118645006', '737465008', '118645006', '12921003']",118645006,2.0
273,Modul 14,Item_273,4,3.0,0.5,0.04333333333333333,0.6666666666666666,0.33399999999999996,2.1666666666666665,3.0,"Difficult (divergent codes, semantic distance)","['28254004', '1287955007', '28254004', '29836001']",28254004,2.0
274,Modul 14,Item_274,4,3.0,0.5,0.04,0.6666666666666666,0.33266666666666667,2.0,3.0,"Difficult (divergent codes, semantic distance)","['71341001', '722739008', '71341001', '68367000']",71341001,2.0
275,Modul 14,Item_275,4,3.0,0.5,0.04333333333333333,0.6666666666666666,0.33399999999999996,2.1666666666666665,3.0,"Difficult (divergent codes, semantic distance)","['702468001', '722421000', '702468001', '30021000']",702468001,2.0
276,Modul 14,Item_276,4,3.0,0.5,0.04333333333333333,0.6666666666666666,0.33399999999999996,2.1666666666666665,3.0,"Difficult (divergent codes, semantic distance)","['84167007', '720643007', '84167007', '56459004']",84167007,2.0
277,Modul 14,Item_277,4,2.0,0.25,0.13,0.3333333333333333,0.21033333333333332,6.5,11.0,"Moderate (some disagreement, related concepts)","['74964007', '272673000', '74964007', '74964007']",74964007,3.0
278,Modul 14,Item_278,3,1.0,0.0,0.04,0.0,0.016,2.0,2.0,"Easy (high agreement, close concepts)","['87784001', '87784001', '87784001']",87784001,3.0
279,Modul 14,Item_279,4,2.0,0.5,0.04,0.3333333333333333,0.29933333333333334,2.0,3.0,"Moderate (some disagreement, related concepts)","['774007', '34201000', '34201000', '774007']",774007,2.0
280,Modul 14,Item_280,4,3.0,0.5,0.04666666666666667,0.6666666666666666,0.3353333333333333,2.3333333333333335,3.0,"Difficult (divergent codes, semantic distance)","['53120007', '764401001', '787470002', '53120007']",53120007,2.0
281,Modul 14,Item_281,4,3.0,0.5,0.04,0.6666666666666666,0.33266666666666667,2.0,3.0,"Difficult (divergent codes, semantic distance)","['61685007', '723413000', '67328008', '61685007']",61685007,2.0
282,Modul 14,Item_282,4,2.0,0.5,0.04,0.3333333333333333,0.29933333333333334,2.0,3.0,"Moderate (some disagreement, related concepts)","['51185008', '31749008', '31749008', '51185008']",51185008,2.0
283,Modul 14,Item_283,4,3.0,0.5,0.03,0.6666666666666666,0.32866666666666666,1.5,2.0,"Difficult (divergent codes, semantic distance)","['302553009', '818997006', '818997006', '818983003']",818997006,2.0
284,Modul 14,Item_284,4,2.0,0.5,0.04,0.3333333333333333,0.29933333333333334,2.0,3.0,"Moderate (some disagreement, related concepts)","['12921003', '20159001', '20159001', '12921003']",12921003,2.0
285,Modul 14,Item_285,3,2.0,0.33333333333333337,0.06666666666666667,0.5,0.24333333333333335,3.3333333333333335,4.0,"Moderate (some disagreement, related concepts)","['1490004', '1490004', '731469008']",1490004,2.0
286,Modul 14,Item_286,2,1.0,0.0,0.04,0.0,0.016,2.0,2.0,"Easy (high agreement, close concepts)","['276825009', '276825009']",276825009,2.0
287,Modul 14,Item_287,4,2.0,0.25,0.12,0.3333333333333333,0.2063333333333333,6.0,10.0,"Moderate (some disagreement, related concepts)","['74964007', '87784001', '74964007', '74964007']",74964007,3.0
288,Modul 14,Item_288,3,1.0,0.0,0.04,0.0,0.016,2.0,2.0,"Easy (high agreement, close concepts)","['39937001', '39937001', '39937001']",39937001,3.0
289,Modul 14,Item_289,4,2.0,0.25,0.03,0.3333333333333333,0.17033333333333334,1.5,2.0,"Moderate (some disagreement, related concepts)","['181469002', '181469002', '181469002', '39937001']",181469002,3.0
290,Modul 14,Item_290,4,1.0,0.0,0.04,0.0,0.016,2.0,2.0,"Easy (high agreement, close concepts)","['119181002', '119181002', '119181002', '119181002']",119181002,4.0
291,Modul 14,Item_291,4,3.0,0.5,0.07666666666666667,0.6666666666666666,0.3473333333333333,3.8333333333333335,5.0,"Difficult (divergent codes, semantic distance)","['122490001', '122490001', '89890002', '245257001']",122490001,2.0
292,Modul 14,Item_292,4,3.0,0.5,0.04333333333333333,0.6666666666666666,0.33399999999999996,2.1666666666666665,3.0,"Difficult (divergent codes, semantic distance)","['76838003', '1119413005', '81105003', '76838003']",76838003,2.0
293,Modul 14,Item_293,4,3.0,0.5,0.04,0.6666666666666666,0.33266666666666667,2.0,2.0,"Difficult (divergent codes, semantic distance)","['9659009', '16217541000119100', '279807001', '9659009']",9659009,2.0
294,Modul 14,Item_294,4,3.0,0.5,0.03333333333333333,0.6666666666666666,0.32999999999999996,1.6666666666666667,2.0,"Difficult (divergent codes, semantic distance)","['245269009', '746224000', '68171009', '245269009']",245269009,2.0
295,Modul 14,Item_295,4,3.0,0.5,0.05,0.6666666666666666,0.33666666666666667,2.5,5.0,"Difficult (divergent codes, semantic distance)","['245282001', '82365008', '281779003', '245282001']",245282001,2.0
296,Modul 14,Item_296,4,2.0,0.5,0.05333333333333333,0.3333333333333333,0.30466666666666664,2.6666666666666665,3.0,"Difficult (divergent codes, semantic distance)","['62683002', '62683002', '245276004', '245276004']",62683002,2.0
297,Modul 14,Item_297,4,2.0,0.25,0.03666666666666667,0.3333333333333333,0.173,1.8333333333333333,2.0,"Moderate (some disagreement, related concepts)","['264016003', '53074004', '264016003', '264016003']",264016003,3.0
298,Modul 14,Item_298,4,3.0,0.5,0.05333333333333333,0.6666666666666666,0.33799999999999997,2.6666666666666665,3.0,"Difficult (divergent codes, semantic distance)","['818991007', '818991007', '245284000', '128235003']",818991007,2.0
299,Modul 14,Item_299,3,1.0,0.0,0.04,0.0,0.016,2.0,2.0,"Easy (high agreement, close concepts)","['245285004', '245285004', '245285004']",245285004,3.0
300,Modul 14,Item_300,4,1.0,0.0,0.04,0.0,0.016,2.0,2.0,"Easy (high agreement, close concepts)","['91394001', '91394001', '91394001', '91394001']",91394001,4.0
301,Modul 14,Item_301,4,2.0,0.5,0.04,0.3333333333333333,0.29933333333333334,2.0,2.0,"Moderate (some disagreement, related concepts)","['54268001', '54268001', '245294005', '245294005']",54268001,2.0
302,Modul 14,Item_302,4,1.0,0.0,0.04,0.0,0.016,2.0,2.0,"Easy (high agreement, close concepts)","['8928004', '8928004', '8928004', '8928004']",8928004,4.0
303,Modul 14,Item_303,0,,,,,,,,No codes,[],,
304,Modul 14,Item_304,3,1.0,0.0,0.04,0.0,0.016,2.0,2.0,"Easy (high agreement, close concepts)","['397440000', '397440000', '397440000']",397440000,3.0
305,Modul 14,Item_305,0,,,,,,,,No codes,[],,
306,Modul 14,Item_306,4,2.0,0.25,0.13,0.3333333333333333,0.21033333333333332,6.5,11.0,"Moderate (some disagreement, related concepts)","['74964007', '59441001', '74964007', '74964007']",74964007,3.0
307,Modul 14,Item_307,0,,,,,,,,No codes,[],,
308,Modul 14,Item_308,4,2.0,0.25,0.05,0.3333333333333333,0.17833333333333334,2.5,3.0,"Moderate (some disagreement, related concepts)","['38266002', '38266002', '38266002', '47479005']",38266002,3.0
309,Modul 14,Item_309,3,1.0,0.0,0.04,0.0,0.016,2.0,2.0,"Easy (high agreement, close concepts)","['309795001', '309795001', '309795001']",309795001,3.0
310,Modul 14,Item_310,4,1.0,0.0,0.04,0.0,0.016,2.0,2.0,"Easy (high agreement, close concepts)","['74964007', '74964007', '74964007', '74964007']",74964007,4.0
311,Modul 14,Item_311,4,1.0,0.0,0.04,0.0,0.016,2.0,2.0,"Easy (high agreement, close concepts)","['24028007', '24028007', '24028007', '24028007']",24028007,4.0
312,Modul 14,Item_312,4,1.0,0.0,0.04,0.0,0.016,2.0,2.0,"Easy (high agreement, close concepts)","['7771000', '7771000', '7771000', '7771000']",7771000,4.0
313,Modul 14,Item_313,3,2.0,0.33333333333333337,0.09333333333333334,0.5,0.254,4.666666666666667,6.0,"Moderate (some disagreement, related concepts)","['405813007', '405813007', '10546003']",405813007,2.0
314,Modul 14,Item_314,4,1.0,0.0,0.04,0.0,0.016,2.0,2.0,"Easy (high agreement, close concepts)","['7771000', '7771000', '7771000', '7771000']",7771000,4.0
315,Modul 14,Item_315,4,1.0,0.0,0.04,0.0,0.016,2.0,2.0,"Easy (high agreement, close concepts)","['24028007', '24028007', '24028007', '24028007']",24028007,4.0
316,Modul 14,Item_316,4,1.0,0.0,0.04,0.0,0.016,2.0,2.0,"Easy (high agreement, close concepts)","['51440002', '51440002', '51440002', '51440002']",51440002,4.0
317,Modul 14,Item_317,4,2.0,0.5,0.10666666666666666,0.3333333333333333,0.326,5.333333333333333,7.0,"Difficult (divergent codes, semantic distance)","['260528009', '260528009', '26216008', '26216008']",260528009,2.0
318,Modul 14,Item_318,4,1.0,0.0,0.04,0.0,0.016,2.0,2.0,"Easy (high agreement, close concepts)","['261665006', '261665006', '261665006', '261665006']",261665006,4.0
319,Modul 14,Item_319,4,1.0,0.0,0.04,0.0,0.016,2.0,2.0,"Easy (high agreement, close concepts)","['385432009', '385432009', '385432009', '385432009']",385432009,4.0
320,Modul 14,Item_320,3,2.0,0.33333333333333337,0.06666666666666667,0.5,0.24333333333333335,3.3333333333333335,4.0,"Moderate (some disagreement, related concepts)","['413946009', '413946009', '442371002']",413946009,2.0
321,Modul 14,Item_321,3,1.0,0.0,0.04,0.0,0.016,2.0,2.0,"Easy (high agreement, close concepts)","['413947000', '413947000', '413947000']",413947000,3.0
322,Modul 14,Item_322,3,2.0,0.33333333333333337,0.13333333333333333,0.5,0.27,6.666666666666667,9.0,"Moderate (some disagreement, related concepts)","['276213000', '260686004', '276213000']",276213000,2.0
323,Modul 14,Item_323,4,2.0,0.5,0.10666666666666666,0.3333333333333333,0.326,5.333333333333333,7.0,"Difficult (divergent codes, semantic distance)","['33195004', '33195004', '103388001', '103388001']",33195004,2.0
324,Modul 14,Item_324,4,2.0,0.25,0.09,0.3333333333333333,0.19433333333333333,4.5,7.0,"Moderate (some disagreement, related concepts)","['395096001', '395096001', '313226005', '395096001']",395096001,3.0
325,Modul 14,Item_325,1,,,,,,,,Insufficient coders,['721061000124106'],,
326,Modul 14,Item_326,0,,,,,,,,No codes,[],,
327,Modul 14,Item_327,0,,,,,,,,No codes,[],,
328,Modul 14,Item_328,0,,,,,,,,No codes,[],,
329,Modul 14,Item_329,0,,,,,,,,No codes,[],,
330,Modul 14,Item_330,0,,,,,,,,No codes,[],,
331,Modul 14,Item_331,0,,,,,,,,No codes,[],,
332,Modul 14,Item_332,2,1.0,0.0,0.04,0.0,0.016,2.0,2.0,"Easy (high agreement, close concepts)","['384692006', '384692006']",384692006,2.0
333,Modul 14,Item_333,2,1.0,0.0,0.04,0.0,0.016,2.0,2.0,"Easy (high agreement, close concepts)","['384692006', '384692006']",384692006,2.0
334,Modul 14,Item_334,2,1.0,0.0,0.04,0.0,0.016,2.0,2.0,"Easy (high agreement, close concepts)","['384692006', '384692006']",384692006,2.0
335,Modul 14,Item_335,2,1.0,0.0,0.04,0.0,0.016,2.0,2.0,"Easy (high agreement, close concepts)","['384692006', '384692006']",384692006,2.0
336,Modul 14,Item_336,3,2.0,0.33333333333333337,0.04,0.5,0.2326666666666667,2.0,2.0,"Moderate (some disagreement, related concepts)","['113120007', '113120007', '399180008']",113120007,2.0
337,Modul 14,Item_337,2,1.0,0.0,0.04,0.0,0.016,2.0,2.0,"Easy (high agreement, close concepts)","['113120007', '113120007']",113120007,2.0
338,Modul 14,Item_338,2,1.0,0.0,0.04,0.0,0.016,2.0,2.0,"Easy (high agreement, close concepts)","['113120007', '113120007']",113120007,2.0
339,Modul 14,Item_339,2,1.0,0.0,0.04,0.0,0.016,2.0,2.0,"Easy (high agreement, close concepts)","['113120007', '113120007']",113120007,2.0
340,Modul 14,Item_340,0,,,,,,,,No codes,[],,
341,Modul 14,Item_341,0,,,,,,,,No codes,[],,
342,Modul 14,Item_342,0,,,,,,,,No codes,[],,
343,Modul 14,Item_343,2,1.0,0.0,0.04,0.0,0.016,2.0,2.0,"Easy (high agreement, close concepts)","['64291000052106', '64291000052106']",64291000052106,2.0
344,Modul 14,Item_344,3,1.0,0.0,0.04,0.0,0.016,2.0,2.0,"Easy (high agreement, close concepts)","['118640001', '118640001', '118640001']",118640001,3.0
345,Modul 14,Item_345,3,1.0,0.0,0.04,0.0,0.016,2.0,2.0,"Easy (high agreement, close concepts)","['399315003', '399315003', '399315003']",399315003,3.0
346,Modul 14,Item_346,4,1.0,0.0,0.04,0.0,0.016,2.0,2.0,"Easy (high agreement, close concepts)","['74964007', '74964007', '74964007', '74964007']",74964007,4.0
347,Modul 14,Item_347,2,1.0,0.0,0.04,0.0,0.016,2.0,2.0,"Easy (high agreement, close concepts)","['82107009', '82107009']",82107009,2.0
348,Modul 14,Item_348,3,1.0,0.0,0.04,0.0,0.016,2.0,2.0,"Easy (high agreement, close concepts)","['290006006', '290006006', '290006006']",290006006,3.0
349,Modul 14,Item_349,3,2.0,0.33333333333333337,0.13333333333333333,0.5,0.27,6.666666666666667,9.0,"Moderate (some disagreement, related concepts)","['46602004', '73494004', '46602004']",46602004,2.0
350,Modul 14,Item_350,4,3.0,0.5,0.15666666666666665,0.6666666666666666,0.3793333333333333,7.833333333333333,11.0,"Difficult (divergent codes, semantic distance)","['58607005', '285324001', '80347004', '58607005']",58607005,2.0
351,Modul 14,Item_351,4,3.0,0.5,0.15666666666666665,0.6666666666666666,0.3793333333333333,7.833333333333333,11.0,"Difficult (divergent codes, semantic distance)","['89177007', '82371002', '10611004', '89177007']",89177007,2.0
352,Modul 14,Item_352,4,2.0,0.25,0.04333333333333333,0.3333333333333333,0.17566666666666667,2.1666666666666665,3.0,"Moderate (some disagreement, related concepts)","['312253001', '312253001', '1156505006', '312253001']",312253001,3.0
353,Modul 14,Item_353,3,2.0,0.33333333333333337,0.06666666666666667,0.5,0.24333333333333335,3.3333333333333335,4.0,"Moderate (some disagreement, related concepts)","['286630003', '286630003', '46044009']",286630003,2.0
354,Modul 14,Item_354,3,1.0,0.0,0.04,0.0,0.016,2.0,2.0,"Easy (high agreement, close concepts)","['74964007', '74964007', '74964007']",74964007,3.0
355,Modul 14,Item_355,4,2.0,0.25,0.03666666666666667,0.3333333333333333,0.173,1.8333333333333333,2.0,"Moderate (some disagreement, related concepts)","['447553000', '447553000', '1263794005', '447553000']",447553000,3.0
356,Modul 14,Item_356,3,1.0,0.0,0.04,0.0,0.016,2.0,2.0,"Easy (high agreement, close concepts)","['1368003', '1368003', '1368003']",1368003,3.0
357,Modul 14,Item_357,4,1.0,0.0,0.04,0.0,0.016,2.0,2.0,"Easy (high agreement, close concepts)","['14691008', '14691008', '14691008', '14691008']",14691008,4.0
358,Modul 14,Item_358,4,1.0,0.0,0.04,0.0,0.016,2.0,2.0,"Easy (high agreement, close concepts)","['24853006', '24853006', '24853006', '24853006']",24853006,4.0
359,Modul 14,Item_359,4,1.0,0.0,0.04,0.0,0.016,2.0,2.0,"Easy (high agreement, close concepts)","['32059002', '32059002', '32059002', '32059002']",32059002,4.0
360,Modul 14,Item_360,4,1.0,0.0,0.04,0.0,0.016,2.0,2.0,"Easy (high agreement, close concepts)","['419804008', '419804008', '419804008', '419804008']",419804008,4.0
361,Modul 14,Item_361,0,,,,,,,,No codes,[],,
362,Modul 14,Item_362,4,1.0,0.0,0.04,0.0,0.016,2.0,2.0,"Easy (high agreement, close concepts)","['7770004', '7770004', '7770004', '7770004']",7770004,4.0
363,Modul 14,Item_363,4,1.0,0.0,0.04,0.0,0.016,2.0,2.0,"Easy (high agreement, close concepts)","['48341001', '48341001', '48341001', '48341001']",48341001,4.0
364,Modul 14,Item_364,4,1.0,0.0,0.04,0.0,0.016,2.0,2.0,"Easy (high agreement, close concepts)","['5405008', '5405008', '5405008', '5405008']",5405008,4.0
365,Modul 14,Item_365,3,2.0,0.33333333333333337,0.1733333333333333,0.5,0.28600000000000003,8.666666666666666,12.0,"Moderate (some disagreement, related concepts)","['89457008', '89457008', '74964007']",89457008,2.0
366,Modul 14,Item_366,3,1.0,0.0,0.04,0.0,0.016,2.0,2.0,"Easy (high agreement, close concepts)","['445461008', '445461008', '445461008']",445461008,3.0
367,Modul 14,Item_367,1,,,,,,,,Insufficient coders,['371892002'],,
368,Modul 14,Item_368,3,2.0,0.33333333333333337,0.05333333333333333,0.5,0.23800000000000004,2.6666666666666665,3.0,"Moderate (some disagreement, related concepts)","['229028007', '229028007', '282717008']",229028007,2.0
369,Modul 14,Item_369,4,1.0,0.0,0.04,0.0,0.016,2.0,2.0,"Easy (high agreement, close concepts)","['229029004', '229029004', '229029004', '229029004']",229029004,4.0
370,Modul 14,Item_370,4,1.0,0.0,0.04,0.0,0.016,2.0,2.0,"Easy (high agreement, close concepts)","['418931004', '418931004', '418931004', '418931004']",418931004,4.0
371,Modul 14,Item_371,4,1.0,0.0,0.04,0.0,0.016,2.0,2.0,"Easy (high agreement, close concepts)","['229034000', '229034000', '229034000', '229034000']",229034000,4.0
372,Modul 14,Item_372,4,1.0,0.0,0.04,0.0,0.016,2.0,2.0,"Easy (high agreement, close concepts)","['282143001', '282143001', '282143001', '282143001']",282143001,4.0
373,Modul 14,Item_373,3,1.0,0.0,0.04,0.0,0.016,2.0,2.0,"Easy (high agreement, close concepts)","['1287742003', '1287742003', '1287742003']",1287742003,3.0
374,Modul 14,Item_374,4,2.0,0.25,0.09,0.3333333333333333,0.19433333333333333,4.5,7.0,"Moderate (some disagreement, related concepts)","['445232009', '445232009', '445232009', '373066001']",445232009,3.0
375,Modul 14,Item_375,2,1.0,0.0,0.04,0.0,0.016,2.0,2.0,"Easy (high agreement, close concepts)","['445232009', '445232009']",445232009,2.0
376,Modul 14,Item_376,2,1.0,0.0,0.04,0.0,0.016,2.0,2.0,"Easy (high agreement, close concepts)","['445232009', '445232009']",445232009,2.0
377,Modul 14,Item_377,2,1.0,0.0,0.04,0.0,0.016,2.0,2.0,"Easy (high agreement, close concepts)","['445232009', '445232009']",445232009,2.0
378,Modul 14,Item_378,3,1.0,0.0,0.04,0.0,0.016,2.0,2.0,"Easy (high agreement, close concepts)","['373067005', '373067005', '373067005']",373067005,3.0
379,Modul 14,Item_379,2,2.0,0.5,0.26,1.0,0.45399999999999996,13.0,13.0,"Difficult (divergent codes, semantic distance)","['262202000', '410666004']",262202000,1.0
380,Modul 14,Item_380,1,,,,,,,,Insufficient coders,['261782000'],,
381,Modul 14,Item_381,0,,,,,,,,No codes,[],,
382,Modul 14,Item_382,0,,,,,,,,No codes,[],,
383,Modul 14,Item_383,2,1.0,0.0,0.04,0.0,0.016,2.0,2.0,"Easy (high agreement, close concepts)","['419835002', '419835002']",419835002,2.0
384,Modul 14,Item_384,2,1.0,0.0,0.04,0.0,0.016,2.0,2.0,"Easy (high agreement, close concepts)","['74964007', '74964007']",74964007,2.0
385,Modul 14,Item_385,1,,,,,,,,Insufficient coders,['413311005'],,
386,Modul 14,Item_386,2,1.0,0.0,0.04,0.0,0.016,2.0,2.0,"Easy (high agreement, close concepts)","['419099009', '419099009']",419099009,2.0
387,Modul 14,Item_387,4,1.0,0.0,0.04,0.0,0.016,2.0,2.0,"Easy (high agreement, close concepts)","['261665006', '261665006', '261665006', '261665006']",261665006,4.0
388,Modul 15,Item_388,1,,,,,,,,Insufficient coders,['20558004'],,
389,Modul 15,Item_389,1,,,,,,,,Insufficient coders,['20558004'],,
390,Modul 15,Item_390,4,2.0,0.25,0.09,0.3333333333333333,0.19433333333333333,4.5,7.0,"Moderate (some disagreement, related concepts)","['260413007', '260413007', '395061001', '260413007']",260413007,3.0
391,Modul 15,Item_391,4,1.0,0.0,0.04,0.0,0.016,2.0,2.0,"Easy (high agreement, close concepts)","['255604002', '255604002', '255604002', '255604002']",255604002,4.0
392,Modul 15,Item_392,4,2.0,0.5,0.10666666666666666,0.3333333333333333,0.326,5.333333333333333,7.0,"Difficult (divergent codes, semantic distance)","['1255665007', '1255665007', '6736007', '6736007']",1255665007,2.0
393,Modul 15,Item_393,4,1.0,0.0,0.04,0.0,0.016,2.0,2.0,"Easy (high agreement, close concepts)","['24484000', '24484000', '24484000', '24484000']",24484000,4.0
394,Modul 15,Item_394,4,1.0,0.0,0.04,0.0,0.016,2.0,2.0,"Easy (high agreement, close concepts)","['442452003', '442452003', '442452003', '442452003']",442452003,4.0
395,Modul 15,Item_395,4,1.0,0.0,0.04,0.0,0.016,2.0,2.0,"Easy (high agreement, close concepts)","['399166001', '399166001', '399166001', '399166001']",399166001,4.0
396,Modul 15,Item_396,4,1.0,0.0,0.04,0.0,0.016,2.0,2.0,"Easy (high agreement, close concepts)","['261665006', '261665006', '261665006', '261665006']",261665006,4.0
397,Modul 15,Item_397,1,,,,,,,,Insufficient coders,['711434002'],,
398,Modul 15,Item_398,1,,,,,,,,Insufficient coders,['711434002'],,
399,Modul 15,Item_399,0,,,,,,,,No codes,[],,
400,Modul 15,Item_400,0,,,,,,,,No codes,[],,
401,Modul 16,Item_401,1,,,,,,,,Insufficient coders,['31099001'],,
402,Modul 16,Item_402,3,3.0,0.6666666666666667,0.18666666666666668,1.0,0.508,9.333333333333334,12.0,"Difficult (divergent codes, semantic distance)","['262202000', '363703001', '367565008']",262202000,1.0
403,Modul 16,Item_403,4,1.0,0.0,0.04,0.0,0.016,2.0,2.0,"Easy (high agreement, close concepts)","['373808002', '373808002', '373808002', '373808002']",373808002,4.0
404,Modul 16,Item_404,4,1.0,0.0,0.04,0.0,0.016,2.0,2.0,"Easy (high agreement, close concepts)","['363676003', '363676003', '363676003', '363676003']",363676003,4.0
405,Modul 16,Item_405,3,1.0,0.0,0.04,0.0,0.016,2.0,2.0,"Easy (high agreement, close concepts)","['74964007', '74964007', '74964007']",74964007,3.0
406,Modul 16,Item_406,2,2.0,0.5,0.12,1.0,0.398,6.0,6.0,"Difficult (divergent codes, semantic distance)","['260413007', '385432009']",260413007,1.0
407,Modul 16,Item_407,1,,,,,,,,Insufficient coders,['387713003'],,
408,Modul 16,Item_408,2,2.0,0.5,0.16,1.0,0.41400000000000003,8.0,8.0,"Difficult (divergent codes, semantic distance)","['260413007', '262241003']",260413007,1.0
409,Modul 16,Item_409,4,1.0,0.0,0.04,0.0,0.016,2.0,2.0,"Easy (high agreement, close concepts)","['373846009', '373846009', '373846009', '373846009']",373846009,4.0
410,Modul 16,Item_410,4,2.0,0.25,0.11,0.3333333333333333,0.20233333333333334,5.5,9.0,"Moderate (some disagreement, related concepts)","['133858001', '373847000', '373847000', '373847000']",373847000,3.0
411,Modul 16,Item_411,4,1.0,0.0,0.04,0.0,0.016,2.0,2.0,"Easy (high agreement, close concepts)","['277671009', '277671009', '277671009', '277671009']",277671009,4.0
412,Modul 16,Item_412,3,1.0,0.0,0.04,0.0,0.016,2.0,2.0,"Easy (high agreement, close concepts)","['74964007', '74964007', '74964007']",74964007,3.0
413,Modul 16,Item_413,3,3.0,0.6666666666666667,0.16,1.0,0.4973333333333334,8.0,9.0,"Difficult (divergent codes, semantic distance)","['276239002', '260686004', '410656007']",276239002,1.0
414,Modul 16,Item_414,4,1.0,0.0,0.04,0.0,0.016,2.0,2.0,"Easy (high agreement, close concepts)","['367336001', '367336001', '367336001', '367336001']",367336001,4.0
415,Modul 16,Item_415,4,1.0,0.0,0.04,0.0,0.016,2.0,2.0,"Easy (high agreement, close concepts)","['169413002', '169413002', '169413002', '169413002']",169413002,4.0
416,Modul 16,Item_416,4,2.0,0.25,0.03666666666666667,0.3333333333333333,0.173,1.8333333333333333,3.0,"Moderate (some disagreement, related concepts)","['76334006', '897713009', '76334006', '76334006']",76334006,3.0
417,Modul 16,Item_417,2,1.0,0.0,0.04,0.0,0.016,2.0,2.0,"Easy (high agreement, close concepts)","['448288001', '448288001']",448288001,2.0
418,Modul 16,Item_418,2,2.0,0.5,0.04,1.0,0.366,2.0,2.0,"Difficult (divergent codes, semantic distance)","['367336001', '897713009']",367336001,1.0
419,Modul 16,Item_419,1,,,,,,,,Insufficient coders,['1255831008'],,
420,Modul 16,Item_420,1,,,,,,,,Insufficient coders,['897713009'],,
421,Modul 16,Item_421,1,,,,,,,,Insufficient coders,['76334006'],,
422,Modul 16,Item_422,4,1.0,0.0,0.04,0.0,0.016,2.0,2.0,"Easy (high agreement, close concepts)","['1269349006', '1269349006', '1269349006', '1269349006']",1269349006,4.0
423,Modul 16,Item_423,4,1.0,0.0,0.04,0.0,0.016,2.0,2.0,"Easy (high agreement, close concepts)","['424313000', '424313000', '424313000', '424313000']",424313000,4.0
424,Modul 16,Item_424,4,1.0,0.0,0.04,0.0,0.016,2.0,2.0,"Easy (high agreement, close concepts)","['310341009', '310341009', '310341009', '310341009']",310341009,4.0
425,Modul 16,Item_425,4,1.0,0.0,0.04,0.0,0.016,2.0,2.0,"Easy (high agreement, close concepts)","['373818007', '373818007', '373818007', '373818007']",373818007,4.0
426,Modul 16,Item_426,3,1.0,0.0,0.04,0.0,0.016,2.0,2.0,"Easy (high agreement, close concepts)","['74964007', '74964007', '74964007']",74964007,3.0
427,Modul 16,Item_427,2,1.0,0.0,0.04,0.0,0.016,2.0,2.0,"Easy (high agreement, close concepts)","['258049002', '258049002']",258049002,2.0
428,Modul 16,Item_428,3,3.0,0.6666666666666667,0.12,1.0,0.4813333333333334,6.0,7.0,"Difficult (divergent codes, semantic distance)","['394906002', '413946009', '398201009']",394906002,1.0
429,Modul 16,Item_429,2,1.0,0.0,0.04,0.0,0.016,2.0,2.0,"Easy (high agreement, close concepts)","['105590001', '105590001']",105590001,2.0
430,Modul 16,Item_430,4,4.0,0.75,0.11666666666666665,1.0,0.5216666666666666,5.833333333333333,8.0,"Difficult (divergent codes, semantic distance)","['410942007', '105590001', '900000000000465000', '261217004']",410942007,1.0
431,Modul 16,Item_431,3,3.0,0.6666666666666667,0.1733333333333333,1.0,0.5026666666666667,8.666666666666666,9.0,"Difficult (divergent codes, semantic distance)","['394908001', '410666004', '127489000']",394908001,1.0
432,Modul 16,Item_432,1,,,,,,,,Insufficient coders,['17854005'],,
433,Modul 16,Item_433,2,2.0,0.5,0.08,1.0,0.382,4.0,4.0,"Difficult (divergent codes, semantic distance)","['17854005', '261782000']",17854005,1.0
434,Modul 16,Item_434,2,2.0,0.5,0.08,1.0,0.382,4.0,4.0,"Difficult (divergent codes, semantic distance)","['17854005', '261782000']",17854005,1.0
435,Modul 16,Item_435,1,,,,,,,,Insufficient coders,['261782000'],,
436,Modul 16,Item_436,3,3.0,0.6666666666666667,0.09333333333333334,1.0,0.4706666666666667,4.666666666666667,6.0,"Difficult (divergent codes, semantic distance)","['281013003', '419835002', '419617009']",281013003,1.0
437,Modul 16,Item_437,4,2.0,0.25,0.11,0.3333333333333333,0.20233333333333334,5.5,9.0,"Moderate (some disagreement, related concepts)","['74964007', '74964007', '74964007', '419617009']",74964007,3.0
438,Modul 16,Item_438,4,3.0,0.5,0.08333333333333334,0.6666666666666666,0.35,4.166666666666667,7.0,"Difficult (divergent codes, semantic distance)","['1296859006', '1296859006', '413311005', '419617009']",1296859006,2.0
439,Modul 16,Item_439,3,2.0,0.33333333333333337,0.05333333333333333,0.5,0.23800000000000004,2.6666666666666665,3.0,"Moderate (some disagreement, related concepts)","['18632008', '419099009', '18632008']",18632008,2.0
440,Modul 16,Item_440,3,1.0,0.0,0.04,0.0,0.016,2.0,2.0,"Easy (high agreement, close concepts)","['261665006', '261665006', '261665006']",261665006,3.0
441,Modul 16,Item_441,2,2.0,0.5,0.14,1.0,0.406,7.0,7.0,"Difficult (divergent codes, semantic distance)","['261782000', '413947000']",261782000,1.0
442,Modul 17,Item_442,3,2.0,0.33333333333333337,0.14666666666666667,0.5,0.2753333333333334,7.333333333333333,10.0,"Moderate (some disagreement, related concepts)","['263502005', '263502005', '419835002']",263502005,2.0
443,Modul 17,Item_443,3,3.0,0.6666666666666667,0.09333333333333334,1.0,0.4706666666666667,4.666666666666667,6.0,"Difficult (divergent codes, semantic distance)","['410672004', '840643003', '439771001']",410672004,1.0
444,Modul 17,Item_444,1,,,,,,,,Insufficient coders,['386053000'],,
445,Modul 17,Item_445,4,2.0,0.5,0.13333333333333333,0.3333333333333333,0.33666666666666667,6.666666666666667,9.0,"Difficult (divergent codes, semantic distance)","['550991000124107', '550991000124107', '103338009', '103338009']",550991000124107,2.0
446,Modul 17,Item_446,4,2.0,0.5,0.13333333333333333,0.3333333333333333,0.33666666666666667,6.666666666666667,9.0,"Difficult (divergent codes, semantic distance)","['551001000124108', '551001000124108', '103337004', '103337004']",551001000124108,2.0
447,Modul 17,Item_447,4,1.0,0.0,0.04,0.0,0.016,2.0,2.0,"Easy (high agreement, close concepts)","['260388006', '260388006', '260388006', '260388006']",260388006,4.0
448,Modul 17,Item_448,4,2.0,0.5,0.12,0.3333333333333333,0.3313333333333333,6.0,8.0,"Difficult (divergent codes, semantic distance)","['255314001', '255314001', '419835002', '419835002']",255314001,2.0
449,Modul 17,Item_449,0,,,,,,,,No codes,[],,
450,Modul 17,Item_450,1,,,,,,,,Insufficient coders,['84190002'],,
451,Modul 17,Item_451,2,1.0,0.0,0.04,0.0,0.016,2.0,2.0,"Easy (high agreement, close concepts)","['550991000124107', '550991000124107']",550991000124107,2.0
452,Modul 17,Item_452,4,3.0,0.5,0.09666666666666666,0.6666666666666666,0.35533333333333333,4.833333333333333,6.0,"Difficult (divergent codes, semantic distance)","['1259237005', '1259237005', '263855007', '246455001']",1259237005,2.0
453,Modul 17,Item_453,2,2.0,0.5,0.14,1.0,0.406,7.0,7.0,"Difficult (divergent codes, semantic distance)","['385432009', '170970005']",385432009,1.0
454,Modul 17,Item_454,3,1.0,0.0,0.04,0.0,0.016,2.0,2.0,"Easy (high agreement, close concepts)","['1287211007', '1287211007', '1287211007']",1287211007,3.0
455,Modul 17,Item_455,3,2.0,0.33333333333333337,0.2,0.5,0.2966666666666667,10.0,14.0,"Moderate (some disagreement, related concepts)","['108369006', '277058005', '108369006']",108369006,2.0
456,Modul 17,Item_456,4,2.0,0.5,0.09333333333333334,0.3333333333333333,0.32066666666666666,4.666666666666667,6.0,"Difficult (divergent codes, semantic distance)","['41647002', '58899004', '58899004', '41647002']",41647002,2.0
457,Modul 17,Item_457,3,2.0,0.33333333333333337,0.1733333333333333,0.5,0.28600000000000003,8.666666666666666,12.0,"Moderate (some disagreement, related concepts)","['65320000', '277062004', '65320000']",65320000,2.0
458,Modul 17,Item_458,3,2.0,0.33333333333333337,0.10666666666666666,0.5,0.25933333333333336,5.333333333333333,7.0,"Moderate (some disagreement, related concepts)","['255314001', '255314001', '385651009']",255314001,2.0
459,Modul 17,Item_459,3,1.0,0.0,0.04,0.0,0.016,2.0,2.0,"Easy (high agreement, close concepts)","['260388006', '260388006', '260388006']",260388006,3.0
460,Modul 17,Item_460,3,2.0,0.33333333333333337,0.08,0.5,0.2486666666666667,4.0,5.0,"Moderate (some disagreement, related concepts)","['1259237005', '1259237005', '7147002']",1259237005,2.0
461,Modul 17,Item_461,3,2.0,0.33333333333333337,0.12,0.5,0.26466666666666666,6.0,8.0,"Moderate (some disagreement, related concepts)","['64957009', '64957009', '170970005']",64957009,2.0
462,Modul 17,Item_462,4,1.0,0.0,0.04,0.0,0.016,2.0,2.0,"Easy (high agreement, close concepts)","['261665006', '261665006', '261665006', '261665006']",261665006,4.0
463,Modul 17,Item_463,4,2.0,0.25,0.06,0.3333333333333333,0.18233333333333332,3.0,4.0,"Moderate (some disagreement, related concepts)","['1287211007', '1287211007', '876785008', '1287211007']",1287211007,3.0
464,Modul 17,Item_464,3,2.0,0.33333333333333337,0.04,0.5,0.2326666666666667,2.0,2.0,"Moderate (some disagreement, related concepts)","['399656008', '399656008', '59441001']",399656008,2.0
465,Modul 17,Item_465,3,2.0,0.33333333333333337,0.10666666666666666,0.5,0.25933333333333336,5.333333333333333,7.0,"Moderate (some disagreement, related concepts)","['41647002', '399647000', '41647002']",41647002,2.0
466,Modul 17,Item_466,3,2.0,0.33333333333333337,0.06666666666666667,0.5,0.24333333333333335,3.3333333333333335,4.0,"Moderate (some disagreement, related concepts)","['263855007', '263855007', '7147002']",263855007,2.0
467,Modul 17,Item_467,2,1.0,0.0,0.04,0.0,0.016,2.0,2.0,"Easy (high agreement, close concepts)","['65320000', '65320000']",65320000,2.0
468,Modul 17,Item_468,3,2.0,0.33333333333333337,0.10666666666666666,0.5,0.25933333333333336,5.333333333333333,7.0,"Moderate (some disagreement, related concepts)","['255314001', '255314001', '385651009']",255314001,2.0
469,Modul 17,Item_469,3,1.0,0.0,0.04,0.0,0.016,2.0,2.0,"Easy (high agreement, close concepts)","['260388006', '260388006', '260388006']",260388006,3.0
470,Modul 17,Item_470,3,2.0,0.33333333333333337,0.12,0.5,0.26466666666666666,6.0,8.0,"Moderate (some disagreement, related concepts)","['64957009', '64957009', '170970005']",64957009,2.0
471,Modul 17,Item_471,4,1.0,0.0,0.04,0.0,0.016,2.0,2.0,"Easy (high agreement, close concepts)","['261665006', '261665006', '261665006', '261665006']",261665006,4.0
472,Modul 17,Item_472,4,2.0,0.25,0.06,0.3333333333333333,0.18233333333333332,3.0,4.0,"Moderate (some disagreement, related concepts)","['1287211007', '1287211007', '876785008', '1287211007']",1287211007,3.0
473,Modul 17,Item_473,3,2.0,0.33333333333333337,0.08,0.5,0.2486666666666667,4.0,5.0,"Moderate (some disagreement, related concepts)","['399608002', '399608002', '371497001']",399608002,2.0
474,Modul 17,Item_474,3,2.0,0.33333333333333337,0.12,0.5,0.26466666666666666,6.0,8.0,"Moderate (some disagreement, related concepts)","['41647002', '261985008', '41647002']",41647002,2.0
475,Modul 17,Item_475,4,2.0,0.25,0.11,0.3333333333333333,0.20233333333333334,5.5,9.0,"Moderate (some disagreement, related concepts)","['7147002', '7147002', '399409002', '7147002']",7147002,3.0
476,Modul 17,Item_476,2,1.0,0.0,0.04,0.0,0.016,2.0,2.0,"Easy (high agreement, close concepts)","['65320000', '65320000']",65320000,2.0
477,Modul 17,Item_477,3,2.0,0.33333333333333337,0.10666666666666666,0.5,0.25933333333333336,5.333333333333333,7.0,"Moderate (some disagreement, related concepts)","['255314001', '255314001', '385651009']",255314001,2.0
478,Modul 17,Item_478,3,1.0,0.0,0.04,0.0,0.016,2.0,2.0,"Easy (high agreement, close concepts)","['260388006', '260388006', '260388006']",260388006,3.0
479,Modul 17,Item_479,3,2.0,0.33333333333333337,0.12,0.5,0.26466666666666666,6.0,8.0,"Moderate (some disagreement, related concepts)","['64957009', '64957009', '170970005']",64957009,2.0
480,Modul 17,Item_480,4,1.0,0.0,0.04,0.0,0.016,2.0,2.0,"Easy (high agreement, close concepts)","['261665006', '261665006', '261665006', '261665006']",261665006,4.0
481,Modul 17,Item_481,4,2.0,0.25,0.06,0.3333333333333333,0.18233333333333332,3.0,4.0,"Moderate (some disagreement, related concepts)","['1287211007', '1287211007', '876785008', '1287211007']",1287211007,3.0
482,Modul 18,Item_482,2,1.0,0.0,0.04,0.0,0.016,2.0,2.0,"Easy (high agreement, close concepts)","['225292002', '225292002']",225292002,2.0
483,Modul 18,Item_483,3,2.0,0.33333333333333337,0.04,0.5,0.2326666666666667,2.0,2.0,"Moderate (some disagreement, related concepts)","['439272007', '439272007', '439771001']",439272007,2.0
484,Modul 18,Item_484,2,1.0,0.0,0.04,0.0,0.016,2.0,2.0,"Easy (high agreement, close concepts)","['410657003', '410657003']",410657003,2.0
485,Modul 18,Item_485,2,1.0,0.0,0.04,0.0,0.016,2.0,2.0,"Easy (high agreement, close concepts)","['307153007', '307153007']",307153007,2.0
486,Modul 18,Item_486,3,1.0,0.0,0.04,0.0,0.016,2.0,2.0,"Easy (high agreement, close concepts)","['262061000', '262061000', '262061000']",262061000,3.0
487,Modul 18,Item_487,2,1.0,0.0,0.04,0.0,0.016,2.0,2.0,"Easy (high agreement, close concepts)","['373846009', '373846009']",373846009,2.0
488,Modul 18,Item_488,2,1.0,0.0,0.04,0.0,0.016,2.0,2.0,"Easy (high agreement, close concepts)","['303110006', '303110006']",303110006,2.0
489,Modul 18,Item_489,0,,,,,,,,No codes,[],,
490,Modul 19,Item_490,3,2.0,0.33333333333333337,0.026666666666666665,0.5,0.22733333333333333,1.3333333333333333,2.0,"Moderate (some disagreement, related concepts)","['304541006', '304541006', '420227002']",304541006,2.0
491,Modul 19,Item_491,1,,,,,,,,Insufficient coders,['304541006'],,
492,Modul 19,Item_492,4,1.0,0.0,0.04,0.0,0.016,2.0,2.0,"Easy (high agreement, close concepts)","['367336001', '367336001', '367336001', '367336001']",367336001,4.0
493,Modul 19,Item_493,4,1.0,0.0,0.04,0.0,0.016,2.0,2.0,"Easy (high agreement, close concepts)","['169413002', '169413002', '169413002', '169413002']",169413002,4.0
494,Modul 19,Item_494,4,2.0,0.5,0.026666666666666665,0.3333333333333333,0.294,1.3333333333333333,2.0,"Moderate (some disagreement, related concepts)","['897713009', '897713009', '76334006', '76334006']",897713009,2.0
495,Modul 19,Item_495,3,1.0,0.0,0.04,0.0,0.016,2.0,2.0,"Easy (high agreement, close concepts)","['448288001', '448288001', '448288001']",448288001,3.0
496,Modul 19,Item_496,4,1.0,0.0,0.04,0.0,0.016,2.0,2.0,"Easy (high agreement, close concepts)","['1269349006', '1269349006', '1269349006', '1269349006']",1269349006,4.0
497,Modul 19,Item_497,2,1.0,0.0,0.04,0.0,0.016,2.0,2.0,"Easy (high agreement, close concepts)","['897713009', '897713009']",897713009,2.0
498,Modul 19,Item_498,2,1.0,0.0,0.04,0.0,0.016,2.0,2.0,"Easy (high agreement, close concepts)","['1255831008', '1255831008']",1255831008,2.0
499,Modul 19,Item_499,2,1.0,0.0,0.04,0.0,0.016,2.0,2.0,"Easy (high agreement, close concepts)","['897713009', '897713009']",897713009,2.0
500,Modul 19,Item_500,2,1.0,0.0,0.04,0.0,0.016,2.0,2.0,"Easy (high agreement, close concepts)","['76334006', '76334006']",76334006,2.0
501,Modul 19,Item_501,4,1.0,0.0,0.04,0.0,0.016,2.0,2.0,"Easy (high agreement, close concepts)","['373818007', '373818007', '373818007', '373818007']",373818007,4.0
502,Modul 19,Item_502,4,1.0,0.0,0.04,0.0,0.016,2.0,2.0,"Easy (high agreement, close concepts)","['424313000', '424313000', '424313000', '424313000']",424313000,4.0
503,Modul 19,Item_503,4,1.0,0.0,0.04,0.0,0.016,2.0,2.0,"Easy (high agreement, close concepts)","['310341009', '310341009', '310341009', '310341009']",310341009,4.0
504,Modul 19,Item_504,4,1.0,0.0,0.04,0.0,0.016,2.0,2.0,"Easy (high agreement, close concepts)","['387713003', '387713003', '387713003', '387713003']",387713003,4.0
505,Modul 19,Item_505,4,1.0,0.0,0.04,0.0,0.016,2.0,2.0,"Easy (high agreement, close concepts)","['1287742003', '1287742003', '1287742003', '1287742003']",1287742003,4.0
506,Modul 19,Item_506,4,1.0,0.0,0.04,0.0,0.016,2.0,2.0,"Easy (high agreement, close concepts)","['74964007', '74964007', '74964007', '74964007']",74964007,4.0
507,Modul 19,Item_507,2,1.0,0.0,0.04,0.0,0.016,2.0,2.0,"Easy (high agreement, close concepts)","['897016006', '897016006']",897016006,2.0
508,Modul 19,Item_508,2,1.0,0.0,0.04,0.0,0.016,2.0,2.0,"Easy (high agreement, close concepts)","['445528004', '445528004']",445528004,2.0
509,Modul 19,Item_509,4,1.0,0.0,0.04,0.0,0.016,2.0,2.0,"Easy (high agreement, close concepts)","['373066001', '373066001', '373066001', '373066001']",373066001,4.0
510,Modul 19,Item_510,4,1.0,0.0,0.04,0.0,0.016,2.0,2.0,"Easy (high agreement, close concepts)","['373067005', '373067005', '373067005', '373067005']",373067005,4.0
511,Modul 19,Item_511,4,1.0,0.0,0.04,0.0,0.016,2.0,2.0,"Easy (high agreement, close concepts)","['261665006', '261665006', '261665006', '261665006']",261665006,4.0
512,Modul 20,Item_512,4,1.0,0.0,0.04,0.0,0.016,2.0,2.0,"Easy (high agreement, close concepts)","['419620001', '419620001', '419620001', '419620001']",419620001,4.0
513,Modul 20,Item_513,4,1.0,0.0,0.04,0.0,0.016,2.0,2.0,"Easy (high agreement, close concepts)","['399753006', '399753006', '399753006', '399753006']",399753006,4.0
514,Modul 20,Item_514,3,1.0,0.0,0.04,0.0,0.016,2.0,2.0,"Easy (high agreement, close concepts)","['184305005', '184305005', '184305005']",184305005,3.0
515,Modul 20,Item_515,3,1.0,0.0,0.04,0.0,0.016,2.0,2.0,"Easy (high agreement, close concepts)","['373066001', '373066001', '373066001']",373066001,3.0
516,Modul 20,Item_516,3,1.0,0.0,0.04,0.0,0.016,2.0,2.0,"Easy (high agreement, close concepts)","['373067005', '373067005', '373067005']",373067005,3.0
517,Modul 20,Item_517,4,2.0,0.25,0.1,0.3333333333333333,0.19833333333333333,5.0,8.0,"Moderate (some disagreement, related concepts)","['261665006', '261665006', '9855000', '261665006']",261665006,3.0
518,Modul 20,Item_518,3,1.0,0.0,0.04,0.0,0.016,2.0,2.0,"Easy (high agreement, close concepts)","['184305005', '184305005', '184305005']",184305005,3.0
519,Modul 20,Item_519,2,1.0,0.0,0.04,0.0,0.016,2.0,2.0,"Easy (high agreement, close concepts)","['184305005', '184305005']",184305005,2.0
520,Modul 21,Item_520,4,4.0,0.75,0.17666666666666667,1.0,0.5456666666666666,8.833333333333334,12.0,"Difficult (divergent codes, semantic distance)","['900000000000519001', '703852005', '900000000000465000', '371541002']",900000000000519001,1.0
521,Modul 22,Item_521,3,1.0,0.0,0.04,0.0,0.016,2.0,2.0,"Easy (high agreement, close concepts)","['304292004', '304292004', '304292004']",304292004,3.0
522,Modul 23,Item_522,4,2.0,0.25,0.04,0.3333333333333333,0.17433333333333334,2.0,2.0,"Moderate (some disagreement, related concepts)","['55446002', '64195000', '64195000', '64195000']",64195000,3.0
523,Modul 23,Item_523,4,4.0,0.75,0.14,1.0,0.531,7.0,10.0,"Difficult (divergent codes, semantic distance)","['55446002', '64195000', '900000000000465000', '734841007']",55446002,1.0
524,Modul 23,Item_524,3,1.0,0.0,0.04,0.0,0.016,2.0,2.0,"Easy (high agreement, close concepts)","['85460009', '85460009', '85460009']",85460009,3.0
525,Modul 23,Item_525,2,2.0,0.5,0.2,1.0,0.43000000000000005,10.0,10.0,"Difficult (divergent codes, semantic distance)","['1222712000', '830150003']",1222712000,1.0
526,Modul 23,Item_526,3,1.0,0.0,0.04,0.0,0.016,2.0,2.0,"Easy (high agreement, close concepts)","['44225006', '44225006', '44225006']",44225006,3.0
527,Modul 23,Item_527,4,1.0,0.0,0.04,0.0,0.016,2.0,2.0,"Easy (high agreement, close concepts)","['103165007', '103165007', '103165007', '103165007']",103165007,4.0
528,Modul 23,Item_528,3,3.0,0.6666666666666667,0.04,1.0,0.44933333333333336,2.0,2.0,"Difficult (divergent codes, semantic distance)","['55446002', '64195000', '89551006']",55446002,1.0
529,Modul 23,Item_529,4,2.0,0.25,0.09,0.3333333333333333,0.19433333333333333,4.5,7.0,"Moderate (some disagreement, related concepts)","['10828004', '55446002', '55446002', '55446002']",55446002,3.0
530,Modul 23,Item_530,4,4.0,0.75,0.07666666666666667,1.0,0.5056666666666667,3.8333333333333335,7.0,"Difficult (divergent codes, semantic distance)","['260385009', '412730000', '8116006', '55446002']",260385009,1.0
531,Modul 23,Item_531,4,1.0,0.0,0.04,0.0,0.016,2.0,2.0,"Easy (high agreement, close concepts)","['50334000', '50334000', '50334000', '50334000']",50334000,4.0
532,Modul 23,Item_532,4,1.0,0.0,0.04,0.0,0.016,2.0,2.0,"Easy (high agreement, close concepts)","['74964007', '74964007', '74964007', '74964007']",74964007,4.0
533,Modul 23,Item_533,3,3.0,0.6666666666666667,0.10666666666666666,1.0,0.4760000000000001,5.333333333333333,7.0,"Difficult (divergent codes, semantic distance)","['69910005', '1156316003', '373068000']",69910005,1.0
534,Modul 23,Item_534,4,1.0,0.0,0.04,0.0,0.016,2.0,2.0,"Easy (high agreement, close concepts)","['261665006', '261665006', '261665006', '261665006']",261665006,4.0
535,Modul 24,Item_535,2,2.0,0.5,0.24,1.0,0.44599999999999995,12.0,12.0,"Difficult (divergent codes, semantic distance)","['308364004', '224699009']",308364004,1.0
536,Modul 24,Item_536,2,2.0,0.5,0.18,1.0,0.42200000000000004,9.0,9.0,"Difficult (divergent codes, semantic distance)","['709491003', '314845004']",709491003,1.0
537,Modul 24,Item_537,4,1.0,0.0,0.04,0.0,0.016,2.0,2.0,"Easy (high agreement, close concepts)","['373066001', '373066001', '373066001', '373066001']",373066001,4.0
538,Modul 24,Item_538,4,1.0,0.0,0.04,0.0,0.016,2.0,2.0,"Easy (high agreement, close concepts)","['373067005', '373067005', '373067005', '373067005']",373067005,4.0
539,Modul 24,Item_539,4,1.0,0.0,0.04,0.0,0.016,2.0,2.0,"Easy (high agreement, close concepts)","['261665006', '261665006', '261665006', '261665006']",261665006,4.0
540,Modul 24,Item_540,3,3.0,0.6666666666666667,0.16,1.0,0.4973333333333334,8.0,9.0,"Difficult (divergent codes, semantic distance)","['410672004', '439771001', '410671006']",410672004,1.0
541,Modul 25,Item_541,2,2.0,0.5,0.14,1.0,0.406,7.0,7.0,"Difficult (divergent codes, semantic distance)","['70862002', '223474009']",70862002,1.0
542,Modul 25,Item_542,3,2.0,0.33333333333333337,0.05333333333333333,0.5,0.23800000000000004,2.6666666666666665,3.0,"Moderate (some disagreement, related concepts)","['410656007', '272394005', '410656007']",410656007,2.0
543,Modul 25,Item_543,4,3.0,0.5,0.13,0.6666666666666666,0.36866666666666664,6.5,9.0,"Difficult (divergent codes, semantic distance)","['307982007', '410606002', '310134006', '310134006']",310134006,2.0
544,Modul 25,Item_544,3,3.0,0.6666666666666667,0.12,1.0,0.4813333333333334,6.0,8.0,"Difficult (divergent codes, semantic distance)","['409063005', '428997004', '310123008']",409063005,1.0
545,Modul 25,Item_545,1,,,,,,,,Insufficient coders,['263490005'],,
546,Modul 25,Item_546,4,1.0,0.0,0.04,0.0,0.016,2.0,2.0,"Easy (high agreement, close concepts)","['373066001', '373066001', '373066001', '373066001']",373066001,4.0
547,Modul 25,Item_547,4,1.0,0.0,0.04,0.0,0.016,2.0,2.0,"Easy (high agreement, close concepts)","['373067005', '373067005', '373067005', '373067005']",373067005,4.0
548,Modul 25,Item_548,3,2.0,0.33333333333333337,0.13333333333333333,0.5,0.27,6.666666666666667,9.0,"Moderate (some disagreement, related concepts)","['410672004', '410671006', '410671006']",410671006,2.0
